"","X.1","X","Interval","BWP_Area","Temp","Precip","Overlap_Area","Overlap_Percent","deciduous_area"
"1",1,1,0,1.48e+12,26.37213339,232.1913605,1.38e+12,93.26180588,1173759414117.89
"2",2,2,1,1.44e+12,26.24609244,228.5936315,1.34e+12,93.28264031,1126691367600.04
"3",3,3,2,1.4e+12,26.21937822,227.5410895,1.19e+12,84.91113477,1088448579351.07
"4",4,4,3,1.25e+12,26.09209407,227.9033822,1.14e+12,91.42602446,1009021251758.64
"5",5,5,4,1.28e+12,26.04693903,228.181548,1.14e+12,88.60695451,909001652454.987
"6",6,6,5,1.23e+12,25.8688865,225.1411646,1.14e+12,92.59876657,844283088946.169
"7",7,7,6,1.24e+12,25.81939291,225.3337606,1.07e+12,85.99065162,773681019622.619
"8",8,8,7,1.1e+12,25.59115309,221.2072185,1.06e+12,96.61348193,597175844727.458
"9",9,9,8,1.22e+12,25.81392436,227.0523758,1.15e+12,94.52972973,679544927040.143
"10",10,10,9,1.28e+12,25.93423347,230.5022684,1.22e+12,95.41597157,700137196938.479
"11",11,11,10,1.51e+12,26.22299802,236.1679891,1.37e+12,90.69963469,776622772529.984
"12",12,12,11,1.61e+12,26.34254632,238.3958369,1.22e+12,75.76150043,1050205793821.44
"13",13,13,12,1.36e+12,25.8432559,223.4886041,9.21e+11,67.79495895,900176395545.79
"14",14,14,13,1.07e+12,25.37395453,212.3680779,8.18e+11,76.2741298,673661420772.191
"15",15,15,14,9.74e+11,25.27355031,208.4042625,7.78e+11,79.87222809,691311936856.713
"16",16,16,15,8.48e+11,25.00915029,204.4821747,7.8e+11,91.97820776,600117594915.483
"17",17,17,16,8.69e+11,24.84797326,199.5434764,6.21e+11,71.44282558,526573771778.119
"18",18,18,17,6.36e+11,24.0447108,185.3128677,5e+11,78.65099496,229456726774.52
"19",19,19,18,5.07e+11,23.38190994,176.9698895,4.9e+11,96.68216503,150029398275.648
"20",20,20,19,5.48e+11,23.38935667,175.1048697,5.18e+11,94.40889588,97077845943.0663
"21",21,21,20,5.56e+11,23.32013211,173.2938983,4.84e+11,87.11312028,120611869201.991
"22",22,22,21,5.02e+11,23.04995731,169.3026123,4.32e+11,86.00231034,144145892460.916
"23",23,23,22,4.55e+11,22.89080118,167.0733073,3.71e+11,81.63633606,91194340128.3349
"24",24,24,23,3.96e+11,22.83610129,166.768,2.59e+11,65.40651884,85310834313.6033
"25",25,25,24,2.67e+11,22.5594454,164.6641194,1.6e+11,59.77230028,82369081406.2378
"26",26,26,25,1.67e+11,22.39360164,163.9792456,1.31e+11,78.35763576,108844857572.528
"27",27,27,26,1.49e+11,22.53508168,166.3403732,1.29e+11,86.69071029,105903104665.163
"28",28,28,27,1.58e+11,22.70296373,169.9921443,1.36e+11,85.84106571,102961351757.797
"29",29,29,28,1.77e+11,22.81898016,172.2224598,1.65e+11,92.85029927,91194340128.3351
"30",30,30,29,2.2e+11,23.02064828,175.6349161,2e+11,91.17081922,132378880831.453
"31",31,31,30,2.24e+11,23.0574888,177.109294,1.98e+11,88.19124706,123553622109.357
"32",32,32,31,2.15e+11,23.05003912,177.7769125,2.02e+11,94.15187271,82369081406.238
"33",33,33,32,2.47e+11,23.30458103,181.5757264,2.31e+11,93.41018819,91194340128.3349
"34",34,34,33,2.92e+11,23.51295486,184.299076,2.57e+11,88.07308697,141204140459.998
"35",35,35,34,3.12e+11,23.55545803,184.234148,2.85e+11,91.25754447,117670116294.626
"36",36,36,35,3.86e+11,23.80249502,186.1731852,3.42e+11,88.63077457,161796410358.334
"37",37,37,36,4.07e+11,23.85171806,185.4127686,3.76e+11,92.49979727,152971151183.013
"38",38,38,37,5.08e+11,24.04497175,187.6504729,4.85e+11,95.41070121,191213939431.991
"39",39,39,38,6.28e+11,24.24842888,190.1760393,5.48e+11,87.19577528,261816009661.99
"40",40,40,39,5.68e+11,23.92396168,183.4314251,4.81e+11,84.75855476,191213938978.767
"41",41,41,40,4.96e+11,23.56291906,179.0799739,4.9e+11,98.74796522,144145892460.916
"42",42,42,41,5.73e+11,23.78273172,181.9777863,5.35e+11,93.3218118,158854656997.745
"43",43,43,42,5.63e+11,23.65882559,181.0903185,5.52e+11,98.04362004,144145892460.917
"44",44,44,43,6.2e+11,23.74657475,183.6009762,5.91e+11,95.38133536,158854657450.968
"45",45,45,44,6.03e+11,23.65823189,182.3047234,5.96e+11,98.93763545,179446927802.528
"46",46,46,45,6.9e+11,23.88740809,184.8325681,6.86e+11,99.35635561,217689716504.729
"47",47,47,46,8.47e+11,24.22008102,188.9054184,6.33e+11,74.73130215,408903655483.494
"48",48,48,47,6.36e+11,23.7358,182.8075574,5.38e+11,84.57296723,258874256301.4
"49",49,49,48,5.41e+11,23.5102182,180.2055822,4.35e+11,80.32568714,182388680256.67
"50",50,50,49,4.42e+11,23.31367811,178.1469708,4.02e+11,91.05193082,147087645368.282
"51",51,51,50,4.3e+11,23.38598801,178.987542,3.98e+11,92.59578052,197097444793.498
"52",52,52,51,4.58e+11,23.49449744,178.8984379,4.44e+11,96.87217789,223573222319.46
"53",53,53,52,5.45e+11,23.74689002,180.6139759,5.37e+11,98.57268722,285350032920.914
"54",54,54,53,6.77e+11,24.09263168,185.0458245,6.2e+11,91.70412038,435379432556.232
"55",55,55,54,6.51e+11,24.05637544,185.2847399,5.62e+11,86.33222909,370660868594.189
"56",56,56,55,5.75e+11,23.96288443,183.5567091,4.39e+11,76.32074668,332418081704.884
"57",57,57,56,4.46e+11,23.79972306,182.8408376,4.28e+11,96.10562966,264757763022.579
"58",58,58,57,5.23e+11,24.06982042,188.6442578,5.19e+11,99.14183588,314767563354.242
"59",59,59,58,7.44e+11,24.50085635,196.9889027,7.3e+11,98.12103337,353010352056.443
"60",60,60,59,9.49e+11,24.78615723,201.0430816,6.78e+11,71.45186484,397136647026.599
"61",61,61,60,7.02e+11,24.44882509,196.6159689,4.84e+11,69.01987839,294175293002.682
"62",62,62,61,5.29e+11,24.20756865,194.2929976,4.2e+11,79.40607075,235340233948.922
"63",63,63,62,4.88e+11,24.11847582,193.7382961,4.09e+11,83.76608748,191213941244.886
"64",64,64,63,4.94e+11,23.92901403,190.1196594,4.47e+11,90.47752155,164738163265.7
"65",65,65,64,5.57e+11,23.84537163,186.660236,5.11e+11,91.73614363,197097444793.498
"66",66,66,65,6.16e+11,23.89373139,186.3507682,5.64e+11,91.60124327,167679916173.065
"67",67,67,66,6.42e+11,23.86975528,185.6202466,6.04e+11,94.12817262,208864456422.96
"68",68,68,67,7.06e+11,23.97956348,185.8562464,6.06e+11,85.89305095,211806209330.326
"69",69,69,68,6.26e+11,23.64908571,179.5345326,5.9e+11,94.29254617,176505174441.938
"70",70,70,69,6.43e+11,23.67292946,178.7764213,6.25e+11,97.2945898,211806209330.325
"71",71,71,70,7.66e+11,23.90615626,181.751817,7.41e+11,96.68918328,353010348883.875
"72",72,72,71,9.69e+11,24.26956467,186.7066899,8.97e+11,92.57926597,673661417146.4
"73",73,73,72,1.09e+12,24.58180727,192.3251594,8.02e+11,73.48315225,1050205790648.87
"74",74,74,73,8.3e+11,24.31116006,191.5657835,6.42e+11,77.4016507,829574323049.673
"75",75,75,74,6.88e+11,24.28941777,193.627679,6.22e+11,90.40408447,817807310513.763
"76",76,76,75,8.24e+11,24.74146582,201.6873812,7.71e+11,93.52819182,888409381650.207
"77",77,77,76,9.92e+11,24.87602892,205.653576,7.6e+11,76.6536553,900176394186.117
"78",78,78,77,7.99e+11,24.45130029,199.4836647,6.26e+11,78.43806351,458913456721.604
"79",79,79,78,6.59e+11,24.32684251,199.3296906,5.79e+11,87.83967319,250049000751.868
"80",80,80,79,6.31e+11,24.45126655,203.7842961,5.97e+11,94.53906641,305942305991.815
"81",81,81,80,7.13e+11,24.84377566,212.2234567,6.22e+11,87.28734891,317709319434.174
"82",82,82,81,7.3e+11,24.95129571,215.0234701,6.82e+11,93.36486855,285350036999.928
"83",83,83,82,1.06e+12,25.34896559,224.8413439,1.03e+12,96.35477977,358893861043.741
"84",84,84,83,1.59e+12,25.870869,235.5476836,1.48e+12,92.92670519,438321188182.94
"85",85,85,84,1.72e+12,26.12902728,238.9307985,1.12e+12,65.57657502,526573776310.356
"86",86,86,85,1.22e+12,25.75356525,228.4337218,7.91e+11,64.71639315,414787165830.463
"87",87,87,86,8.93e+11,25.39431885,216.8375419,6.64e+11,74.3466681,341243341786.652
"88",88,88,87,7.47e+11,25.11314237,209.8928653,6.05e+11,80.93167527,279466528012.629
"89",89,89,88,6.85e+11,24.90366344,203.675326,5.65e+11,82.45571006,294175292096.234
"90",90,90,89,6.41e+11,25.04574652,203.3655365,5.19e+11,81.07312931,500097995158.604
"91",91,91,90,5.6e+11,25.11656626,204.4492327,4.91e+11,87.69344168,670719664692.259
"92",92,92,91,5.47e+11,25.01609034,200.1265277,4.96e+11,90.67382437,814865558059.622
"93",93,93,92,5.63e+11,24.87453269,196.8188388,4.97e+11,88.29250874,926652168539.515
"94",94,94,93,5.93e+11,24.60637611,191.705384,5.29e+11,89.05081079,811923804245.809
"95",95,95,94,7.24e+11,24.61667603,192.6826988,6.27e+11,86.55919326,1006079496131.94
"96",96,96,95,8.95e+11,24.69001388,198.2915434,7.82e+11,87.32736623,1059031048917.74
"97",97,97,96,9.3e+11,24.73610118,199.1086523,6.73e+11,72.41211631,1003137745037.47
"98",98,98,97,7.2e+11,24.5420106,197.8140834,5.15e+11,71.57563463,844283087586.5
"99",99,99,98,5.98e+11,24.40072442,194.433351,5.52e+11,92.41435276,785448028079.516
"100",100,100,99,7.71e+11,24.5389721,199.5590941,6.41e+11,83.20680526,706020700487.091
"101",101,101,100,7.36e+11,24.72764201,206.8775716,5.8e+11,78.83433707,626593374254.339
"102",102,102,101,6.14e+11,24.91374221,215.3478171,4.46e+11,72.67096131,558933057838.153
"103",103,103,102,4.64e+11,24.88512222,219.4612101,4.18e+11,90.17014211,379486130488.852
"104",104,104,103,4.9e+11,25.07247544,225.739468,4.77e+11,97.35893303,294175296175.248
"105",105,105,104,7.43e+11,25.5468972,238.6687803,6.58e+11,88.65083384,408903660015.732
"106",106,106,105,1.1e+12,25.64170279,238.8351988,1.04e+12,93.9426281,411845412923.098
"107",107,107,106,2.1e+12,26.37131095,253.4284014,1.46e+12,69.50727686,694253690217.302
"108",108,108,107,1.58e+12,25.81499015,233.9964693,1.05e+12,66.46121939,361835612138.21
"109",109,109,108,1.25e+12,25.803681,229.8114792,9.8e+11,78.54293593,405961905748.695
"110",110,110,109,1.27e+12,26.0225416,229.3349087,8.65e+11,68.29179685,567758315653.804
"111",111,111,110,1.07e+12,26.02264147,224.4058341,7.28e+11,67.83971924,785448030798.861
"112",112,112,111,8.6e+11,26.10908675,222.1827869,6.22e+11,72.31668117,1120807860425.64
"113",113,113,112,7.53e+11,26.17162367,222.8133001,6.27e+11,83.31252391,1347322834292.8
"114",114,114,113,7.64e+11,26.23393078,227.2342745,6.48e+11,84.82920251,1388507375449.14
"115",115,115,114,7.53e+11,26.03106232,225.7109224,6.81e+11,90.40353756,1350264588106.61
"116",116,116,115,9.12e+11,26.2016299,231.5560068,6.79e+11,74.47300475,1332614070209.19
"117",117,117,116,9.16e+11,25.89189692,222.7568345,7.1e+11,77.48123072,1217885707728.38
"118",118,118,117,1.08e+12,25.70087311,220.5975836,8.92e+11,82.83436303,1076681568174.83
"119",119,119,118,1.13e+12,25.63319225,220.1612444,8.37e+11,74.22727232,1044322287553.48
"120",120,120,119,9.08e+11,25.38644205,216.6908889,8.18e+11,90.07844688,1011963004666.01
"121",121,121,120,1.02e+12,25.34385249,218.8314292,9.8e+11,95.65986389,950186192251.659
"122",122,122,121,1.26e+12,25.74011872,233.6276528,9.65e+11,76.805793,1050205792914.98
"123",123,123,122,1e+12,25.87064041,240.6943737,7.75e+11,77.2529986,1006079499304.5
"124",124,124,123,8.13e+11,26.1419249,250.4335163,7.06e+11,86.79463224,1029613523016.65
"125",125,125,124,7.5e+11,26.30089383,255.6904418,7.05e+11,93.9808321,991370733861.224
"126",126,126,125,8.89e+11,26.56539814,264.0638364,8.34e+11,93.76385922,956069698972.837
"127",127,127,126,1.33e+12,26.79082853,269.8614292,1.15e+12,87.02618773,929593921900.099
"128",128,128,127,1.96e+12,27.01916934,272.1872195,1.69e+12,86.1810941,900176394186.115
"129",129,129,128,2.2e+12,27.14615103,269.5780179,1.84e+12,83.5606073,1047264039554.4
"130",130,130,129,2.11e+12,26.92199515,258.8038056,1.1e+12,52.364474,1076681568174.83
"131",131,131,130,1.25e+12,26.45557436,244.5745757,8.88e+11,71.01086663,938419181528.648
"132",132,132,131,1.02e+12,26.141474,238.1538134,7.22e+11,70.6205684,706020702753.214
"133",133,133,132,7.86e+11,25.52394169,218.0847441,6.15e+11,78.17535789,588350583739.246
"134",134,134,133,6.89e+11,25.12492064,206.9172924,5.49e+11,79.7059272,482447477261.187
"135",135,135,134,5.78e+11,24.75478281,197.4902855,4.46e+11,77.13603175,403020149215.539
"136",136,136,135,4.61e+11,24.22130591,187.1113751,4.04e+11,87.65369164,388311383772.263
"137",137,137,136,4.47e+11,23.85585518,182.0609381,3.85e+11,86.07050327,288291785375.056
"138",138,138,137,4.32e+11,23.49773803,177.8634109,3.63e+11,84.13206721,217689715145.057
"139",139,139,138,4.31e+11,23.19174401,174.7815007,3.62e+11,83.89423077,182388680709.893
"140",140,140,139,4.55e+11,22.97618217,172.7219707,3.54e+11,77.79226404,205922703515.594
"141",141,141,140,3.94e+11,22.6683517,167.9799456,2.76e+11,69.96203508,114728363387.26
"142",142,142,141,2.94e+11,22.673424,165.9649309,2.14e+11,72.85372339,132378881284.677
"143",143,143,142,2.28e+11,22.69708113,167.000872,2.06e+11,90.39982839,67660316869.4096
"144",144,144,143,2.49e+11,22.69857034,168.4622312,2.08e+11,83.48631221,105903104665.163
"145",145,145,144,2.95e+11,22.74046726,170.6173775,2.16e+11,73.36245283,111786610479.894
"146",146,146,145,2.84e+11,22.86478225,173.700484,2.28e+11,80.23412465,117670116294.625
"147",147,147,146,2.64e+11,22.92616529,176.5590272,2.39e+11,90.56273871,79427328498.8723
"148",148,148,147,2.71e+11,23.10528106,180.9240782,2.51e+11,92.91827097,114728363387.26
"149",149,149,148,2.88e+11,23.30554784,185.6818909,2.66e+11,92.39087808,100019599756.879
"150",150,150,149,3.31e+11,23.60586674,192.1040286,2.84e+11,85.74856698,138262387552.633
"151",151,151,150,3.82e+11,23.84906755,196.853529,3.18e+11,83.20993982,158854660170.311
"152",152,152,151,4.75e+11,23.98694704,199.9429492,3.82e+11,80.42855279,205922704875.266
"153",153,153,152,4.85e+11,24.05000756,199.7109531,3.76e+11,77.47786954,214747965410.258
"154",154,154,153,4.68e+11,24.06252534,197.8998696,3.88e+11,82.99178007,255932504300.482
"155",155,155,154,4.98e+11,24.03263062,194.9393632,4.25e+11,85.49806562,188272186977.849
"156",156,156,155,5.42e+11,23.9351042,190.6692632,4.64e+11,85.59385828,197097444793.497
"157",157,157,156,5.31e+11,23.71728182,185.2037215,4.64e+11,87.36779052,250048997126.079
"158",158,158,157,5.27e+11,23.58746211,182.5736032,4.58e+11,86.98307003,244165491311.348
"159",159,159,158,5.06e+11,23.48022209,180.3209315,4.35e+11,86.01326089,188272186524.624
"160",160,160,159,4.65e+11,23.3152223,179.7466038,4.17e+11,89.77437103,158854657450.968
"161",161,161,160,4.32e+11,23.13608739,176.8627249,4.09e+11,94.66216154,182388680709.893
"162",162,162,161,4.48e+11,23.15628707,176.4214213,4.18e+11,93.24611395,176505174895.162
"163",163,163,162,4.78e+11,23.15322269,174.9136889,4.42e+11,92.54146423,158854656997.745
"164",164,164,163,5.4e+11,23.18650179,176.4377494,4.75e+11,87.91253553,214747962237.692
"165",165,165,164,5.37e+11,23.12501745,175.8371988,3.87e+11,72.09042811,164738162812.475
"166",166,166,165,4e+11,22.75692748,172.0960015,2.76e+11,69.04894118,108844857572.529
"167",167,167,166,2.91e+11,22.61280765,168.7214709,2.41e+11,82.55696263,91194340128.3346
"168",168,168,167,2.68e+11,22.49260195,166.3128916,2.43e+11,90.56883938,85310834313.6031
"169",169,169,168,2.86e+11,22.39670167,165.8808605,2.27e+11,79.4060353,82369081406.2373
"170",170,170,169,2.9e+11,22.5170375,168.8599409,2.15e+11,74.02809506,82369081406.2379
"171",171,171,170,2.79e+11,22.9705736,176.117148,2.14e+11,76.61943465,94136093035.7
"172",172,172,171,2.34e+11,23.12658505,180.0979501,1.94e+11,82.88223696,132378881284.677
"173",173,173,172,2.11e+11,23.28205649,182.8600317,1.9e+11,89.89475676,135320634192.043
"174",174,174,173,2.18e+11,23.46535471,187.9576187,1.97e+11,90.38843548,141204141366.446
"175",175,175,174,2.56e+11,23.64866203,192.9491039,2.13e+11,83.17611842,173563423800.692
"176",176,176,175,3.55e+11,23.84007078,197.3249491,2.99e+11,84.12005449,197097447966.064
"177",177,177,176,5.15e+11,23.93067765,200.3115924,3.76e+11,72.935827,173563423347.467
"178",178,178,177,4.72e+11,23.84209999,197.8143932,3.6e+11,76.22237248,182388681616.34
"179",179,179,178,4.81e+11,24.01304921,197.4781726,3.8e+11,79.03362602,255932503847.258
"180",180,180,179,5.64e+11,24.34538544,198.9618362,4.79e+11,84.85856433,305942304632.145
"181",181,181,180,6.45e+11,24.5979972,199.484275,5.18e+11,80.29026573,285350032920.914
"182",182,182,181,6.35e+11,24.64974007,199.5745148,4.87e+11,76.66649339,314767561994.57
"183",183,183,182,5.46e+11,24.67368548,199.201669,3.47e+11,63.58690474,414787159938.554
"184",184,184,183,3.52e+11,23.96622647,189.30144,2.96e+11,83.98990631,288291784921.832
"185",185,185,184,3.12e+11,23.60320865,182.5127052,2.8e+11,89.87334058,232398479681.885
"186",186,186,185,3.32e+11,23.3985892,180.9236043,2.75e+11,82.67707058,282408279107.101
"187",187,187,186,3.56e+11,23.24575402,178.5393311,3.08e+11,86.7399865,255932503394.033
"188",188,188,187,4.58e+11,23.12975707,176.6421367,3.84e+11,83.80759222,282408279560.324
"189",189,189,188,5.12e+11,23.10824481,175.3831946,3.97e+11,77.48067753,344185090161.778
"190",190,190,189,4.55e+11,23.37946698,178.7842527,3.75e+11,82.35768871,553049546584.737
"191",191,191,190,4.61e+11,23.77361118,185.8293874,4.16e+11,90.22432666,861933603217.797
"192",192,192,191,6.08e+11,23.78787347,188.2181577,3.99e+11,65.57381903,729554723292.793
"193",193,193,192,4.52e+11,23.55677325,189.7296329,2.86e+11,63.15916338,335359832346.129
"194",194,194,193,3.11e+11,23.67044543,195.3846541,2.27e+11,72.9903919,294175294362.353
"195",195,195,194,2.39e+11,24.02718794,205.0238237,2.2e+11,92.00879305,211806212502.892
"196",196,196,195,2.8e+11,24.49778973,215.854674,2.51e+11,89.85409885,185330439055.944
"197",197,197,196,3.42e+11,24.57204955,220.8726443,3.24e+11,94.64928163,135320638271.057
"198",198,198,197,5.78e+11,24.95817664,231.7023565,5.27e+11,91.26680409,147087649900.52
"199",199,199,198,1.33e+12,25.57478284,243.6724062,1.26e+12,94.6490395,191213943964.228
"200",200,200,199,1.94e+12,26.07320752,251.7472704,1.6e+12,82.49749808,285350038359.6
"201",201,201,200,1.83e+12,26.31724101,251.366861,1.2e+12,65.59034692,344185096960.136
"202",202,202,201,1.41e+12,26.49393146,248.162369,9.38e+11,66.75381865,497156247236.7
"203",203,203,202,1.06e+12,26.45765772,240.5215772,5.95e+11,56.14518866,553049550210.528
"204",204,204,203,6.48e+11,26.10978151,228.3460954,4.35e+11,67.09937008,517748514868.917
"205",205,205,204,4.92e+11,26.16294626,227.4623944,3.17e+11,64.38525148,817807311873.435
"206",206,206,205,3.47e+11,25.83041664,217.4754089,2.49e+11,71.82761235,829574321690
"207",207,207,206,2.69e+11,25.03964184,201.381777,2.25e+11,83.56801577,664836158424.303
"208",208,208,207,2.67e+11,24.62586692,194.7601099,2.35e+11,88.16364597,641302134258.931
"209",209,209,208,3.57e+11,24.70457757,195.7950635,2.73e+11,76.33445138,714845957396.295
"210",210,210,209,4.21e+11,24.48643311,193.7931021,3.61e+11,85.69525289,732496476200.16
"211",211,211,210,6.4e+11,24.53920556,195.6794373,5.21e+11,81.45426087,814865557606.396
"212",212,212,211,7.27e+11,24.60930842,198.6782839,4e+11,55.07395056,835457829770.85
"213",213,213,212,4.26e+11,24.15163625,192.6197583,4.03e+11,94.54639381,641302135618.601
"214",214,214,213,6.72e+11,24.48447196,198.8766425,5.41e+11,80.5439066,776622770263.865
"215",215,215,214,6.67e+11,24.58991948,204.3631228,3.88e+11,58.13451039,753088748364.612
"216",216,216,215,4.08e+11,24.46410501,206.0401332,2.2e+11,53.90451971,514806762867.997
"217",217,217,216,2.31e+11,24.64810766,212.6176438,1.94e+11,84.0656696,423612425005.784
"218",218,218,217,2.48e+11,25.2133421,229.9006238,2.18e+11,88.0229143,523632022949.766
"219",219,219,218,3.24e+11,25.44345192,238.5008117,2.76e+11,85.081713,411845413376.321
"220",220,220,219,4.26e+11,25.3888943,234.7962869,3.41e+11,79.92265217,364777365952.024
"221",221,221,220,5.48e+11,25.09690255,228.8085253,4.33e+11,79.05132426,261816014194.227
"222",222,222,221,7.54e+11,24.78405566,221.9260765,6.26e+11,82.98583855,226514977946.168
"223",223,223,222,8.41e+11,24.88302176,220.4507746,5.43e+11,64.58892928,241223742482.996
"224",224,224,223,6.68e+11,24.81336274,215.5634912,4.71e+11,70.42354276,235340234855.37
"225",225,225,224,6.15e+11,24.74434619,209.351065,4.34e+11,70.4886937,297117045456.824
"226",226,226,225,5.33e+11,24.61406448,202.7198185,3.28e+11,61.48370724,297117045003.6
"227",227,227,226,3.94e+11,24.41320557,197.9111166,2.55e+11,64.70268527,279466526199.735
"228",228,228,227,3.29e+11,24.76791034,201.9728384,2.84e+11,86.14887537,438321183650.703
"229",229,229,228,4.24e+11,25.09352327,206.0590437,3.58e+11,84.57286812,844283085320.383
"230",230,230,229,4.29e+11,24.65785684,198.495634,3.48e+11,81.17129843,873700615300.487
"231",231,231,230,4.27e+11,24.21396846,192.3354131,3.15e+11,73.830262,826632568329.415
"232",232,232,231,5.07e+11,24.18923767,189.9736663,4.06e+11,80.05417015,864875356578.39
"233",233,233,232,6.69e+11,24.09314905,189.5221956,5.36e+11,80.08706577,803098544617.263
"234",234,234,233,7.02e+11,24.29963152,196.2401945,5.25e+11,74.72318679,1014904756666.93
"235",235,235,234,5.89e+11,24.33564326,197.6700897,5.22e+11,88.66838072,944302686890.155
"236",236,236,235,7.42e+11,24.38936563,202.3963271,6.27e+11,84.45824281,894292887011.714
"237",237,237,236,7.93e+11,24.51635696,207.5909298,6.22e+11,78.43396281,823690816781.715
"238",238,238,237,6.71e+11,24.59213269,211.8850592,5.29e+11,78.8127206,732496477106.604
"239",239,239,238,5.58e+11,24.79466895,218.0840148,5e+11,89.63219688,661894409142.726
"240",240,240,239,5.87e+11,25.168114,228.497447,5.41e+11,92.17011806,555991304930.787
"241",241,241,240,7.75e+11,25.62192636,238.7976787,7.25e+11,93.57125896,594234092273.317
"242",242,242,241,1.27e+12,26.04589348,247.4025699,1.14e+12,89.93227913,785448031705.306
"243",243,243,242,2e+12,26.47102778,252.6954842,1.93e+12,96.07785604,982545476498.801
"244",244,244,243,2.62e+12,27.15673776,267.762303,2.11e+12,80.57470246,1291429528146.4
"245",245,245,244,2.23e+12,26.72015652,251.7151691,1.15e+12,51.68281848,1035497028831.38
"246",246,246,245,1.26e+12,26.20361329,232.8498428,8.23e+11,65.29767365,620709868892.833
"247",247,247,246,8.9e+11,25.46589183,216.2811329,6.71e+11,75.37890918,379486128675.957
"248",248,248,247,7.16e+11,24.93101073,206.5772195,6.06e+11,84.57392892,317709315355.16
"249",249,249,248,6.83e+11,24.74070625,201.299482,5.93e+11,86.85456255,358893855151.831
"250",250,250,249,6.38e+11,24.51756347,196.0878501,5.5e+11,86.18078962,405961901669.681
"251",251,251,250,5.78e+11,24.13099448,188.1349173,5.04e+11,87.30250789,335359831439.682
"252",252,252,251,5.32e+11,23.72354941,182.4091335,5.11e+11,95.96602773,264757762116.131
"253",253,253,252,6.74e+11,23.88172643,184.0841719,4.56e+11,67.69590772,303000549911.884
"254",254,254,253,4.9e+11,23.14133073,175.4939869,4.18e+11,85.40912767,197097445246.721
"255",255,255,254,4.78e+11,23.05043255,174.7891559,3.95e+11,82.57375066,167679916173.065
"256",256,256,255,4.2e+11,22.9531286,173.498346,3.27e+11,77.85583944,123553622109.357
"257",257,257,256,3.41e+11,22.9777369,173.7369817,2.8e+11,81.95843976,141204139553.551
"258",258,258,257,3.07e+11,23.08170862,172.4615576,2.75e+11,89.62053353,147087645368.282
"259",259,259,258,3.13e+11,23.18781084,171.8118109,2.97e+11,94.99242148,176505175348.386
"260",260,260,259,3.45e+11,23.22160305,173.961948,3.24e+11,93.98110536,173563421534.572
"261",261,261,260,3.85e+11,23.34378527,175.7013837,3.56e+11,92.29765115,202980951061.453
"262",262,262,261,4.2e+11,23.51936215,180.5778076,3.69e+11,87.88118246,258874256301.399
"263",263,263,262,4.07e+11,23.61952562,183.1690653,3.93e+11,96.54571251,226514976133.273
"264",264,264,263,5.03e+11,23.9922976,189.6366258,4.78e+11,95.09988745,270641269743.757
"265",265,265,264,6.43e+11,24.39946915,197.7632331,5.48e+11,85.32320894,358893859684.069
"266",266,266,265,6.11e+11,24.38358637,198.3177758,3.26e+11,53.28746728,291233541454.988
"267",267,267,266,3.39e+11,23.77251883,188.0601025,3.24e+11,95.49054969,200039198154.087
"268",268,268,267,5.08e+11,24.19201529,195.7517473,2.92e+11,57.38073551,232398481948.003
"269",269,269,268,3.01e+11,23.61110294,187.0613058,2.39e+11,79.44212476,185330434523.707
"270",270,270,269,2.86e+11,23.43276025,184.0979876,2.56e+11,89.51854918,123553622109.357
"271",271,271,270,3.66e+11,23.72632547,187.8634403,3.43e+11,93.74194464,179446927349.304
"272",272,272,271,4.95e+11,23.88026968,189.6196832,4.03e+11,81.43531351,232398480135.109
"273",273,273,272,4.29e+11,23.39111579,181.028257,4.04e+11,94.10774411,161796409905.11
"274",274,274,273,4.98e+11,23.45713294,179.9099938,4.69e+11,94.25192961,185330433164.035
"275",275,275,274,5.65e+11,23.53852452,180.0353913,5.21e+11,92.2063643,188272186524.624
"276",276,276,275,5.71e+11,23.4958291,177.9929119,5.45e+11,95.36376904,158854657450.968
"277",277,277,276,5.92e+11,23.53977894,178.5076882,5.34e+11,90.18027199,117670116294.625
"278",278,278,277,5.48e+11,23.36074325,175.415265,5.17e+11,94.30667859,102961351757.797
"279",279,279,278,5.61e+11,23.32473919,174.8968874,5.24e+11,93.36101434,111786610933.118
"280",280,280,279,5.95e+11,23.39966723,175.2306284,5.43e+11,91.35415003,170621668627.207
"281",281,281,280,6.13e+11,23.43541304,175.5018236,5.31e+11,86.61493395,205922703968.818
"282",282,282,281,5.92e+11,23.65608282,180.490028,5.05e+11,85.2574501,367719114327.151
"283",283,283,282,5.41e+11,23.82463732,183.1653048,4.45e+11,82.32260379,514806758788.984
"284",284,284,283,5.1e+11,23.98771789,185.5368212,4.59e+11,90.01023245,576583571203.333
"285",285,285,284,6.14e+11,24.15162384,189.0812429,5.72e+11,93.28358817,603059347822.848
"286",286,286,285,7.22e+11,24.22466907,191.6731304,6.03e+11,83.51652915,555991301304.997
"287",287,287,286,6.84e+11,24.17411193,190.741787,5.55e+11,81.04488734,426554175647.03
"288",288,288,287,6.16e+11,24.33808601,195.1926798,5.33e+11,86.62891286,370660871766.755
"289",289,289,288,6.1e+11,24.57361638,201.6300126,5.43e+11,88.96301941,323592824342.458
"290",290,290,289,6.69e+11,24.79706724,208.8553809,5.82e+11,86.97526214,358893860137.293
"291",291,291,290,8.06e+11,25.02598664,213.3663543,5.94e+11,73.61550834,379486130488.852
"292",292,292,291,7.03e+11,24.64751387,207.340737,5.68e+11,80.77298738,273583025823.69
"293",293,293,292,7.5e+11,24.59582561,206.8531889,5.21e+11,69.4746755,247107248750.952
"294",294,294,293,6.12e+11,24.48221343,202.4856558,4.41e+11,72.06232484,214747964957.034
"295",295,295,294,5.57e+11,24.50860364,200.3979145,4.57e+11,81.99479447,179446929615.422
"296",296,296,295,6.58e+11,24.662295,201.7680965,5.5e+11,83.48730055,211806210689.997
"297",297,297,296,6.81e+11,24.70024282,202.0087242,5.63e+11,82.64475553,241223738857.205
"298",298,298,297,6.44e+11,24.62225021,198.6435073,5.27e+11,81.91688785,258874255848.176
"299",299,299,298,5.65e+11,24.55378588,195.8065974,4.87e+11,86.29297112,403020148762.316
"300",300,300,299,5.33e+11,24.54415131,192.3681357,5.04e+11,94.5983912,479505723900.597
"301",301,301,300,6.22e+11,24.69420364,193.7812972,5.74e+11,92.2984968,794273286348.391
"302",302,302,301,7.21e+11,24.79281614,197.6104395,6.32e+11,87.69838573,853108345855.375
"303",303,303,302,8.52e+11,24.68967317,196.3569634,6.8e+11,79.87850259,991370731141.887
"304",304,304,303,9.2e+11,24.45836184,195.8072867,7.46e+11,81.07421105,976661967058.282
"305",305,305,304,8.47e+11,24.42478985,192.9049923,6.26e+11,73.91527718,1023730015389.03
"306",306,306,305,6.58e+11,24.38986493,192.936184,5.81e+11,88.31196474,1014904756666.93
"307",307,307,306,7.93e+11,24.71493939,201.2353543,7.34e+11,92.53889354,1038438779472.63
"308",308,308,307,9.38e+11,24.68277949,204.1460208,6.15e+11,65.52126322,891351134557.573
"309",309,309,308,6.52e+11,24.28039848,199.4552702,4.82e+11,73.81815061,523632021136.87
"310",310,310,309,5.13e+11,24.27962171,202.496782,4.46e+11,87.03201725,314767566526.808
"311",311,311,310,4.99e+11,24.44396862,210.1368575,4.84e+11,96.95097413,244165496296.809
"312",312,312,311,6.58e+11,24.95645314,222.7273229,6.18e+11,93.84142711,282408285452.234
"313",313,313,312,1.06e+12,25.32561502,232.0485775,9.78e+11,91.94827341,270641272009.875
"314",314,314,313,1.72e+12,25.60560606,238.2908656,1.63e+12,95.07294595,303000554897.345
"315",315,315,314,2.32e+12,26.14385161,248.5364954,2e+12,86.43763713,441262940183.858
"316",316,316,315,2.22e+12,26.45041282,253.8326751,1.54e+12,69.33095236,656010901515.1
"317",317,317,316,1.83e+12,26.35861336,245.338562,1.67e+12,91.45229528,647185643699.451
"318",318,318,317,2.16e+12,26.86939738,253.3891687,1.27e+12,58.99599595,944302685530.481
"319",319,319,318,1.36e+12,26.1890681,232.7245897,7.96e+11,58.73516393,782506277891.493
"320",320,320,319,8.44e+11,25.7899866,221.2018501,6.03e+11,71.43006089,770739264449.136
"321",321,321,320,6.26e+11,25.34017377,211.7920839,5.78e+11,92.4818509,641302136071.825
"322",322,322,321,8.25e+11,25.82186014,219.1151782,6.68e+11,80.97073091,858991852123.328
"323",323,323,322,7.58e+11,25.39864082,209.6090828,6.82e+11,90.02532681,829574321690
"324",324,324,323,9.33e+11,25.38688613,209.7808544,8.37e+11,89.7509099,817807312779.881
"325",325,325,324,1.29e+12,25.40782281,211.1244553,1.11e+12,86.20084398,894292888371.387
"326",326,326,325,1.33e+12,25.34173516,210.8645961,1.12e+12,83.74187146,950186193158.108
"327",327,327,326,1.2e+12,25.32110467,210.3085137,9.71e+11,80.91651255,906059899547.624
"328",328,328,327,1.09e+12,25.3922888,213.3376115,9.3e+11,85.49301779,909001652454.989
"329",329,329,328,1.16e+12,25.43684746,217.2562221,1.13e+12,97.29236128,876642370473.966
"330",330,330,329,1.45e+12,25.71382234,225.823274,1.35e+12,92.81291464,1020788263388.1
"331",331,331,330,1.82e+12,26.04718053,235.1043264,1.35e+12,74.2224126,1079623321535.42
"332",332,332,331,1.41e+12,25.96193605,234.1861518,1.16e+12,82.16656322,1011963004212.78
"333",333,333,332,1.47e+12,26.17801984,239.495063,1.32e+12,89.75772228,1170817662116.97
"334",334,334,333,1.72e+12,26.35550044,242.8440773,1.62e+12,94.48224618,1232594472265.21
"335",335,335,334,2.28e+12,26.8907815,257.029936,2.22e+12,97.37199237,1370856857551.72
"336",336,336,335,2.83e+12,27.55590264,277.2813314,2.33e+12,82.2219227,1559129041357.01
"337",337,337,336,2.46e+12,27.05748336,262.6170809,1.88e+12,76.2197906,1553245537808.4
"338",338,338,337,2.09e+12,26.97942693,262.8265364,1.19e+12,56.81273545,1476759961763.66
"339",339,339,338,1.33e+12,26.37687916,241.3084776,9.95e+11,74.64474989,1173759415930.79
"340",340,340,339,1.08e+12,25.66259744,219.6813771,9.71e+11,89.63841137,670719666958.378
"341",341,341,340,1.12e+12,25.49261681,215.1525981,9.93e+11,88.51811987,688370183496.124
"342",342,342,341,1.13e+12,25.26049982,208.8531867,1.09e+12,95.90158576,647185640526.886
"343",343,343,342,1.42e+12,25.39881747,211.4769489,1.28e+12,90.60181689,953127944705.805
"344",344,344,343,1.39e+12,25.12534398,204.5105025,5.84e+11,41.87713844,917826910270.643
"345",345,345,344,6.17e+11,23.48400302,177.9310031,5.37e+11,87.01778166,241223738403.982
"346",346,346,345,6.15e+11,23.49044277,176.1843999,4.93e+11,80.15805961,258874255848.176
"347",347,347,346,5.38e+11,23.35836475,173.9119085,4.29e+11,79.74448691,194155692339.356
"348",348,348,347,4.59e+11,23.4151938,175.7084041,3.51e+11,76.61972691,252990750033.445
"349",349,349,348,3.78e+11,23.58162656,179.115357,3.11e+11,82.373292,338301585253.496
"350",350,350,349,3.64e+11,23.78301015,183.2491341,3.31e+11,91.02320901,508923253427.477
"351",351,351,350,4.07e+11,23.86879422,185.8938034,3.84e+11,94.45724702,491272736436.508
"352",352,352,351,4.91e+11,23.9593253,189.7357864,4.51e+11,91.78796782,488330983982.365
"353",353,353,352,5.26e+11,24.03739191,192.4199952,4.4e+11,83.72450057,382427879770.427
"354",354,354,353,4.78e+11,24.03921905,193.657813,3.46e+11,72.32857786,317709315355.16
"355",355,355,354,3.76e+11,23.97310733,193.0913194,2.95e+11,78.43071076,170621670440.102
"356",356,356,355,3.56e+11,23.99448919,192.9491365,2.84e+11,79.6973961,197097446153.169
"357",357,357,356,3.6e+11,24.04658411,193.1638012,2.73e+11,75.9980542,197097446606.393
"358",358,358,357,3.39e+11,23.9131489,189.8685978,2.88e+11,84.90371105,158854657450.969
"359",359,359,358,3.42e+11,23.74638382,184.4909745,3.04e+11,88.7553944,188272186524.625
"360",360,360,359,3.68e+11,23.54117625,180.5253162,3.33e+11,90.60891472,164738162812.476
"361",361,361,360,3.74e+11,23.34774963,176.9667601,3.43e+11,91.8818724,85310834766.8275
"362",362,362,361,3.69e+11,23.18536961,173.581433,3.47e+11,94.04396437,102961351757.797
"363",363,363,362,3.94e+11,23.07914802,173.0241746,3.72e+11,94.25414168,94136093035.7001
"364",364,364,363,3.98e+11,23.11215015,173.1181017,3.85e+11,96.84439581,114728363387.26
"365",365,365,364,4.29e+11,23.26580243,174.6476807,4.1e+11,95.52862028,100019599303.656
"366",366,366,365,4.46e+11,23.4335649,176.3835501,3.91e+11,87.67436276,158854656997.744
"367",367,367,366,4.04e+11,23.52086657,178.6289313,3.39e+11,83.94980087,123553622109.357
"368",368,368,367,3.53e+11,23.59686464,178.6985853,2.92e+11,82.69184525,164738162812.475
"369",369,369,368,3.25e+11,23.66776553,179.564674,2.77e+11,85.22073527,155912904543.602
"370",370,370,369,2.99e+11,23.65739619,179.8006669,2.69e+11,89.77871021,135320634192.043
"371",371,371,370,2.82e+11,23.65279673,180.1336399,2.49e+11,88.39622675,161796409905.11
"372",372,372,371,2.61e+11,23.65455025,180.5281974,2.36e+11,90.33254929,141204140006.775
"373",373,373,372,2.57e+11,23.66165697,181.0427877,2.34e+11,91.29051478,141204139553.551
"374",374,374,373,2.66e+11,23.6737184,181.6613673,2.55e+11,96.10054082,158854657450.969
"375",375,375,374,3.41e+11,23.85223054,183.9521363,3.32e+11,97.218689,173563421987.797
"376",376,376,375,5.06e+11,24.17505666,187.9218078,4.92e+11,97.16619101,267699515476.721
"377",377,377,376,6.23e+11,24.38455177,190.6227116,6.18e+11,99.22950386,323592821169.891
"378",378,378,377,7.49e+11,24.55332657,192.6263393,7.44e+11,99.34949473,420670666659.733
"379",379,379,378,8.12e+11,24.61494916,193.0176306,7.21e+11,88.71850043,482447478167.635
"380",380,380,379,7.62e+11,24.70246763,195.297007,6.8e+11,89.24246184,503039748519.193
"381",381,381,380,7.36e+11,24.69871123,195.0549489,6.03e+11,81.91631206,373602620595.106
"382",382,382,381,6.32e+11,24.61662312,195.9286716,5.55e+11,87.94246859,382427880223.651
"383",383,383,382,6.19e+11,24.56532017,195.2859758,5.26e+11,84.86170093,355952104510.584
"384",384,384,383,5.77e+11,24.53660557,196.6366952,5.64e+11,97.74544837,388311386491.605
"385",385,385,384,7.25e+11,24.84164539,202.6474803,7.11e+11,97.9964793,511865009507.409
"386",386,386,385,8.81e+11,25.0278826,207.688049,8.16e+11,92.67259237,585408832644.772
"387",387,387,386,9.15e+11,25.06208539,209.188208,9.04e+11,98.79661873,482447481793.424
"388",388,388,387,1.24e+12,25.24997169,215.0862316,1.23e+12,99.14712685,614826362624.877
"389",389,389,388,1.51e+12,25.48857431,221.5027049,1.36e+12,90.1572855,697195444937.562
"390",390,390,389,1.48e+12,25.55982954,221.5067272,1.35e+12,91.06612376,758972255085.792
"391",391,391,390,1.48e+12,25.68365577,225.6902274,1.32e+12,89.42125045,844283089852.618
"392",392,392,391,1.57e+12,25.91033094,227.2002614,1.43e+12,91.16778387,953127946518.697
"393",393,393,392,1.73e+12,26.08271533,231.8834621,1.65e+12,95.62790311,1106099097701.71
"394",394,394,393,1.91e+12,26.16144073,232.8632806,1.79e+12,93.76846311,1088448579804.29
"395",395,395,394,2.49e+12,26.60252393,243.6285445,2.06e+12,82.85376658,1276720764062.8
"396",396,396,395,2.1e+12,26.05750164,229.3843485,2.07e+12,98.59865017,1082565074442.78
"397",397,397,396,2.24e+12,26.13925187,230.7035222,2.18e+12,97.10172488,1144341883684.57
"398",398,398,397,2.32e+12,26.19847483,232.775346,2.11e+12,91.18794846,1135516625868.92
"399",399,399,398,2.29e+12,26.27128249,231.2763644,1.98e+12,86.35439997,1117866108424.72
"400",400,400,399,2.05e+12,26.12083108,232.4603725,1.74e+12,84.9896243,1082565073536.33
"401",401,401,400,1.8e+12,26.02860378,233.6467894,1.68e+12,93.72233891,970778462149.994
"402",402,402,401,1.89e+12,26.21236134,238.704676,1.74e+12,92.44702762,1038438778566.18
"403",403,403,402,2.04e+12,26.21345242,240.0128431,1.86e+12,90.99263329,982545472873.008
"404",404,404,403,1.96e+12,25.95939771,235.9902332,1.92e+12,97.90505397,941360933529.562
"405",405,405,404,2.35e+12,26.03069654,239.7835989,2.33e+12,99.33606606,929593921446.875
"406",406,406,405,2.71e+12,26.29449122,246.122667,2.65e+12,97.75861814,964894955882.038
"407",407,407,406,2.8e+12,26.41810178,248.6651606,2.74e+12,98.00164351,997254237409.836
"408",408,408,407,2.96e+12,26.68215643,254.650672,2.88e+12,97.33654381,1020788260668.76
"409",409,409,408,3e+12,26.86601673,256.7951274,2.86e+12,95.12169715,1059031048011.29
"410",410,410,409,3.04e+12,26.95171334,253.9219276,2.58e+12,84.81897582,1114924354157.68
"411",411,411,410,2.76e+12,26.89120698,254.6677933,2.48e+12,89.76734123,1161992401128.76
"412",412,412,411,2.84e+12,27.13813466,258.2148314,2.3e+12,81.18150024,1250244987443.28
"413",413,413,412,2.43e+12,27.05311561,254.4381176,2.17e+12,89.3250597,1300254787774.95
"414",414,414,413,2.26e+12,26.85848714,247.9871529,1.87e+12,82.62583929,1235536225172.57
"415",415,415,414,1.94e+12,26.47995883,236.6661098,1.89e+12,97.49754177,1141400132136.87
"416",416,416,415,2.16e+12,26.53574117,236.0671139,2.09e+12,96.57553721,1226710966450.48
"417",417,417,416,2.38e+12,26.59094709,238.3945117,2.14e+12,89.83464753,1362031600189.3
"418",418,418,417,2.22e+12,26.3429265,227.9117161,1.99e+12,89.46279589,1317905306125.59
"419",419,419,418,2.12e+12,26.1570806,222.8575497,2.03e+12,95.79778877,1335555823116.56
"420",420,420,419,2.12e+12,26.1395264,224.9222615,1.78e+12,83.89170435,1326730565754.13
"421",421,421,420,1.81e+12,25.9693861,220.8093368,1.6e+12,88.43167561,1338497577383.6
"422",422,422,421,1.7e+12,25.94847898,220.9708608,1.44e+12,85.17376781,1406157895612.68
"423",423,423,422,1.51e+12,25.79018049,215.7532332,1.32e+12,87.35945657,1356148095734.24
"424",424,424,423,1.54e+12,25.87678022,224.7677067,1.45e+12,94.24337032,1376740365632.57
"425",425,425,424,1.58e+12,25.9095824,226.9686821,1.53e+12,96.76709955,1400274389344.72
"426",426,426,425,1.64e+12,25.95675041,229.3544198,1.61e+12,98.22149351,1423808412150.42
"427",427,427,426,1.79e+12,26.11366936,236.9768865,1.31e+12,73.00669395,1538536775990.91
"428",428,428,427,1.33e+12,25.70627858,222.1395849,1.1e+12,83.07609918,1250244990162.63
"429",429,429,428,1.14e+12,25.53106027,216.9235333,8.54e+11,75.20862982,1147283637498.38
"430",430,430,429,9.01e+11,25.34118917,211.6315115,6.17e+11,68.49010288,1056089296916.82
"431",431,431,430,6.38e+11,24.87667626,201.1497142,5.06e+11,79.31532226,638360384977.355
"432",432,432,431,5.23e+11,24.41846953,191.141882,5.17e+11,98.89514272,323592822076.339
"433",433,433,432,6.79e+11,24.61701495,194.8535238,6.21e+11,91.44532044,470680467897.843
"434",434,434,433,6.32e+11,24.32978315,187.6792627,5.29e+11,83.65330161,305942302366.026
"435",435,435,434,5.32e+11,23.93409681,181.4227089,4.95e+11,93.0389368,229456726774.52
"436",436,436,435,5.02e+11,23.82703526,181.2694824,4.71e+11,93.89137566,217689715145.058
"437",437,437,436,4.82e+11,23.8095226,181.0981929,4.16e+11,86.26535428,288291785828.28
"438",438,438,437,4.19e+11,23.70260381,179.8567648,3.21e+11,76.67839634,285350032467.691
"439",439,439,438,3.24e+11,23.55373523,178.3046928,1.9e+11,58.49733099,241223738403.983
"440",440,440,439,1.93e+11,23.37247482,176.5955603,1.42e+11,73.64743773,220631468052.423
"441",441,441,440,1.52e+11,23.40416545,177.3813227,1.29e+11,85.04059138,176505174895.162
"442",442,442,441,1.43e+11,23.45974055,178.3221406,1.32e+11,92.83915456,167679915719.841
"443",443,443,442,1.48e+11,23.50719015,179.357467,1.44e+11,97.08683436,173563421987.797
"444",444,444,443,1.65e+11,23.58719962,180.5794729,1.55e+11,93.5814759,182388680709.893
"445",445,445,444,1.88e+11,23.66311169,181.6020187,1.7e+11,90.01401244,217689715598.281
"446",446,446,445,2.03e+11,23.66040398,181.2292833,1.88e+11,92.2562433,220631468958.871
"447",447,447,446,2.34e+11,23.71868216,181.6211131,2.17e+11,92.76047298,197097444793.498
"448",448,448,447,3.05e+11,23.79560304,181.7477614,2.92e+11,95.67935415,238281985496.617
"449",449,449,448,4.06e+11,23.87460641,181.654217,3.96e+11,97.59222106,258874255848.177
"450",450,450,449,5.07e+11,23.97685422,182.7034818,4.9e+11,96.56422666,332418078532.317
"451",451,451,450,5.82e+11,23.92821049,183.0208129,5.23e+11,89.78077734,267699514570.273
"452",452,452,451,5.48e+11,23.71597395,181.5555941,5.25e+11,95.7052607,179446927349.304
"453",453,453,452,5.65e+11,23.65628016,181.1777634,5.38e+11,95.17762142,164738162812.476
"454",454,454,453,5.74e+11,23.63673697,181.0258817,4.65e+11,80.93262841,173563421534.572
"455",455,455,454,4.71e+11,23.4347292,178.4941792,3.46e+11,73.48228295,170621668627.207
"456",456,456,455,3.49e+11,23.22028896,176.1283157,2.23e+11,63.83969083,158854656997.744
"457",457,457,456,2.29e+11,22.98975718,172.2308163,1.72e+11,75.32168294,135320633738.82
"458",458,458,457,1.97e+11,22.92489612,170.1644276,1.84e+11,93.4159767,182388680256.67
"459",459,459,458,2.66e+11,23.26341219,173.51753,2.57e+11,96.54436076,270641267477.639
"460",460,460,459,3.32e+11,23.43192871,176.439549,2.99e+11,89.83458719,255932503394.035
"461",461,461,460,3.32e+11,23.42210461,177.6135691,2.18e+11,65.51768736,202980950608.229
"462",462,462,461,2.31e+11,23.27387596,177.4189159,1.61e+11,69.88217776,161796410811.558
"463",463,463,462,1.74e+11,23.21195201,177.5936202,1.5e+11,86.19311441,126495375469.946
"464",464,464,463,1.8e+11,23.31594223,180.0662727,1.63e+11,90.34728238,161796410811.558
"465",465,465,464,2.56e+11,23.60177078,186.0392115,2.29e+11,89.34761661,211806209783.549
"466",466,466,465,3.8e+11,23.94863007,189.584272,2.95e+11,77.64020087,223573221413.012
"467",467,467,466,4.55e+11,24.27290292,197.4336952,3.44e+11,75.61829616,288291786734.728
"468",468,468,467,4.51e+11,24.25554468,195.1791522,3.91e+11,86.73751102,208864456876.184
"469",469,469,468,5.58e+11,24.21448883,192.9869594,4.97e+11,89.115667,173563421534.573
"470",470,470,469,6.42e+11,24.16179617,190.1569658,5.71e+11,88.95459944,161796409905.11
"471",471,471,470,6.93e+11,24.14863183,188.1818598,6.35e+11,91.61803408,217689715145.057
"472",472,472,471,7.63e+11,24.25885106,188.929668,6.86e+11,89.81999531,226514973867.154
"473",473,473,472,8.5e+11,24.50539791,190.3303383,8.17e+11,96.09973868,500097996065.052
"474",474,474,473,1.11e+12,24.93499651,197.9994287,1.04e+12,93.76519122,847224838227.747
"475",475,475,474,1.4e+12,25.09290714,202.9375099,1.09e+12,78.10023373,1011963002853.12
"476",476,476,475,1.17e+12,24.77900715,198.2393951,7.82e+11,66.76462422,997254238769.513
"477",477,477,476,7.97e+11,24.38386534,193.6376238,5.56e+11,69.78499428,723671216571.615
"478",478,478,477,6.07e+11,24.31999631,192.0234498,4.08e+11,67.19130944,685428430135.534
"479",479,479,478,4.74e+11,24.40043322,197.1434392,4.39e+11,92.44317415,729554724199.241
"480",480,480,479,6.68e+11,24.46472355,198.7009553,5.17e+11,77.29517957,703078948939.399
"481",481,481,480,6.09e+11,24.12240533,195.046354,4.26e+11,70.00561434,420670668925.851
"482",482,482,481,4.71e+11,24.00717444,195.630503,4.15e+11,88.18126369,255932505660.152
"483",483,483,482,5.03e+11,24.34371202,204.8385235,4.48e+11,89.02939737,261816011474.883
"484",484,484,483,5.42e+11,24.60624153,211.8081429,4.92e+11,90.63684777,226514979305.839
"485",485,485,484,7.88e+11,25.02663586,218.8922187,6.91e+11,87.80613547,250049001658.316
"486",486,486,485,1.15e+12,25.24552149,227.03335,1.03e+12,89.91181851,288291790360.518
"487",487,487,486,1.4e+12,25.42948071,228.0891465,1.06e+12,75.95303382,273583024464.018
"488",488,488,487,1.25e+12,25.58177244,227.8770879,7.73e+11,61.60459595,303000553537.674
"489",489,489,488,9.86e+11,25.62867361,224.9675497,8.86e+11,89.80082905,317709317621.278
"490",490,490,489,1.16e+12,25.90980419,226.9538522,9.72e+11,83.62993396,547166044395.797
"491",491,491,490,1.31e+12,26.27559886,233.5763887,8.29e+11,63.04511024,817807312326.657
"492",492,492,491,8.81e+11,25.81224206,220.9613912,7.05e+11,80.02338292,658952654422.467
"493",493,493,492,7.95e+11,25.75347104,217.3459713,6.47e+11,81.4165917,788389782346.553
"494",494,494,493,7.01e+11,25.44497797,209.7030952,5.89e+11,83.95598659,764855757274.734
"495",495,495,494,6.74e+11,25.10156277,202.6718526,5.7e+11,84.63664348,741321734469.033
"496",496,496,495,7.87e+11,24.86242074,199.3193583,6.66e+11,84.63640361,729554723746.018
"497",497,497,496,9.35e+11,24.67436372,197.3094072,7.28e+11,77.82245642,773681017809.727
"498",498,498,497,8.22e+11,24.46270869,195.7258356,5.61e+11,68.27947241,682486676321.72
"499",499,499,498,5.9e+11,24.35546882,193.3059673,3.48e+11,58.96262925,617768113266.123
"500",500,500,499,3.72e+11,24.17276944,190.2778897,3.34e+11,89.60901925,558933054665.587
"501",501,501,500,5.34e+11,24.16793466,191.6620219,4.56e+11,85.39355708,453029950000.425
"502",502,502,501,6.08e+11,24.17166486,192.3895726,4.74e+11,77.93460509,441262937917.739
"503",503,503,502,5.78e+11,24.40123765,198.8212092,4.8e+11,83.04500664,450088198905.955
"504",504,504,503,5.64e+11,24.6139525,206.3973602,4.74e+11,84.10765144,450088197999.507
"505",505,505,504,5.75e+11,24.81017764,214.4276811,5e+11,87.08588236,382427883396.218
"506",506,506,505,7.32e+11,25.04867251,218.8770933,6.43e+11,87.80506467,358893860590.516
"507",507,507,506,1.1e+12,25.21803325,221.693136,9.47e+11,86.24934089,429495929914.068
"508",508,508,507,1.26e+12,25.33581931,220.8310206,1e+12,80.02766459,350068600508.748
"509",509,509,508,1.2e+12,25.52946017,222.3157191,7.33e+11,61.20175236,450088199359.18
"510",510,510,509,9.11e+11,25.54409039,220.3350586,7.79e+11,85.43976422,514806762867.999
"511",511,511,510,1.07e+12,25.59275569,217.5772438,9.82e+11,91.33978187,526573774497.461
"512",512,512,511,1.17e+12,25.38650012,210.8208677,1.05e+12,89.45957325,500097997877.947
"513",513,513,512,1.27e+12,25.34581325,206.3983033,1.15e+12,90.91458882,514806760148.656
"514",514,514,513,1.36e+12,25.3554394,206.1623786,1.18e+12,86.9282011,691311934590.594
"515",515,515,514,1.24e+12,25.14120846,200.8703514,1.16e+12,93.28578212,703078946220.056
"516",516,516,515,1.28e+12,25.02177191,197.7097112,1.2e+12,93.26487596,767797510635.324
"517",517,517,516,1.4e+12,24.95574094,196.1428595,1.22e+12,86.92472371,853108346761.822
"518",518,518,517,1.39e+12,24.96573976,196.7728616,1.13e+12,81.57627516,938419181981.872
"519",519,519,518,1.18e+12,24.85716921,195.9170938,9.28e+11,78.72046735,961953203427.901
"520",520,520,519,9.56e+11,24.77065661,195.4541374,7.88e+11,82.428783,903118145280.588
"521",521,521,520,8.22e+11,24.82838034,197.4457931,6.5e+11,79.11645218,1009021251758.65
"522",522,522,521,7.44e+11,24.75737521,197.0498334,6.7e+11,90.06352666,947244440703.968
"523",523,523,522,7.94e+11,24.74387001,197.6383159,7.65e+11,96.35296784,941360934889.237
"524",524,524,523,8.8e+11,24.80701384,199.7149421,8.33e+11,94.64422906,982545474685.906
"525",525,525,524,9.27e+11,24.83131986,200.9289962,8.37e+11,90.32051642,923710416085.371
"526",526,526,525,8.95e+11,24.77061965,200.4214887,8.22e+11,91.84202061,732496478013.054
"527",527,527,526,9.02e+11,24.78475667,200.8511044,7.97e+11,88.40283252,591292337099.832
"528",528,528,527,8.44e+11,24.72074664,199.6275809,7.34e+11,87.05241997,461855208722.522
"529",529,529,528,7.76e+11,24.67110258,198.2411833,6.36e+11,81.95230951,394194892306.337
"530",530,530,529,6.75e+11,24.61769879,196.485019,5.6e+11,83.00366257,291233539642.093
"531",531,531,530,6.1e+11,24.5879134,195.0639093,5.12e+11,84.00907105,261816012381.332
"532",532,532,531,5.57e+11,24.54654888,194.7562124,4.8e+11,86.14861108,332418081251.659
"533",533,533,532,5.43e+11,24.56551685,194.3161575,4.03e+11,74.29822042,285350034280.585
"534",534,534,533,4.14e+11,24.24223103,188.5639595,3.14e+11,75.77929949,258874257661.071
"535",535,535,534,3.27e+11,23.78679603,184.3350545,2.89e+11,88.265998,185330433164.035
"536",536,536,535,3.05e+11,23.54505927,181.4021915,2.94e+11,96.23513524,158854657450.968
"537",537,537,536,3.64e+11,23.62553973,182.4971291,3.59e+11,98.63467347,188272186524.624
"538",538,538,537,4.38e+11,23.70835223,184.3327118,4.3e+11,98.1470949,135320634192.043
"539",539,539,538,4.92e+11,23.82878867,185.1581175,4.89e+11,99.40965578,150029398728.871
"540",540,540,539,5.57e+11,23.91091736,186.5269939,5.53e+11,99.27906062,167679916173.065
"541",541,541,540,6.34e+11,24.00851814,187.4651579,6.3e+11,99.39028721,250048997579.303
"542",542,542,541,6.99e+11,24.09486458,188.5393242,6.53e+11,93.43029575,264757762569.355
"543",543,543,542,6.62e+11,23.94213417,185.5815272,6.02e+11,90.85184934,247107244671.937
"544",544,544,543,6.08e+11,23.68178069,183.1842232,5.71e+11,93.85107786,150029398275.647
"545",545,545,544,5.92e+11,23.58724432,181.4211262,5.62e+11,94.96674912,164738162812.475
"546",546,546,545,6.11e+11,23.65460131,180.7848705,5.4e+11,88.35497878,261816009208.765
"547",547,547,546,5.59e+11,23.64076527,179.1850599,4.25e+11,75.98396475,226514974320.377
"548",548,548,547,4.31e+11,23.51597069,176.6495345,2.84e+11,65.83709253,202980950608.228
"549",549,549,548,2.91e+11,23.43225067,176.2120416,2.02e+11,69.25309166,205922703968.818
"550",550,550,549,2.17e+11,23.2328016,174.6699568,2.01e+11,92.52620183,179446927349.304
"551",551,551,550,2.48e+11,23.30386528,176.9168315,2.39e+11,96.4368307,126495375016.722
"552",552,552,551,3.6e+11,23.65642512,183.3528971,3.34e+11,92.78792402,229456728587.414
"553",553,553,552,4.76e+11,23.90756958,188.9289394,4.24e+11,88.94360137,300058799270.637
"554",554,554,553,5.27e+11,24.13256643,194.6739302,4.36e+11,82.77924813,258874259020.742
"555",555,555,554,5.03e+11,24.2320278,198.1737859,4.5e+11,89.31976141,288291789907.294
"556",556,556,555,5.91e+11,24.49484677,204.3237382,5.4e+11,91.27237425,255932507019.824
"557",557,557,556,9.26e+11,24.87082772,213.1703645,8.96e+11,96.72346554,267699520008.958
"558",558,558,557,1.41e+12,25.48363483,223.8973036,1.21e+12,85.85994395,464796964349.232
"559",559,559,558,1.39e+12,25.84232166,229.2934146,8.06e+11,58.15629868,641302139697.616
"560",560,560,559,9.57e+11,25.59066389,223.6042401,7.09e+11,74.06989476,470680469710.738
"561",561,561,560,9.5e+11,25.38076778,216.1614972,8.72e+11,91.80892081,432437681914.986
"562",562,562,561,1.11e+12,25.29963714,212.259197,8.66e+11,78.01151258,432437679195.642
"563",563,563,562,1.07e+12,25.39688412,211.7071703,8.59e+11,79.95063563,632476876896.505
"564",564,564,563,1.01e+12,25.47933698,211.5755864,8.69e+11,85.6215706,879584122021.666
"565",565,565,564,1.01e+12,25.60900166,214.8488234,8.73e+11,86.8551539,1044322284834.14
"566",566,566,565,9.93e+11,25.59138608,213.4413967,7.95e+11,80.04471598,1109040848342.96
"567",567,567,566,9.91e+11,25.44068868,210.890094,8.37e+11,84.45886607,1117866107518.28
"568",568,568,567,1.14e+12,25.29248991,209.7831232,9.41e+11,82.90648949,1014904756213.71
"569",569,569,568,1.16e+12,25.08547846,206.7619789,8.91e+11,77.08247003,1003137744131.02
"570",570,570,569,9.62e+11,24.9081077,203.3121395,5.71e+11,59.43262987,950186193158.109
"571",571,571,570,5.91e+11,24.74180115,200.8852729,4.51e+11,76.2712352,850166595214.126
"572",572,572,571,6.54e+11,24.7813336,202.7046434,6.13e+11,93.69468857,782506276985.045
"573",573,573,572,8.99e+11,24.80168502,206.4315907,6.9e+11,76.76742401,785448031705.305
"574",574,574,573,7.71e+11,24.79525224,208.9792231,5.76e+11,74.712067,632476879162.622
"575",575,575,574,6.26e+11,25.04212503,218.2307791,5.33e+11,85.18938535,555991304930.787
"576",576,576,575,5.91e+11,25.37027338,228.9745354,5.24e+11,88.64355822,538340786126.923
"577",577,577,576,6.34e+11,25.60571071,236.8127767,5.64e+11,88.92620676,529515528764.497
"578",578,578,577,8.82e+11,25.86031795,245.8357879,7.76e+11,87.99473267,488330988514.602
"579",579,579,578,1.61e+12,26.08857093,251.681845,1.39e+12,86.6467996,473622222618.103
"580",580,580,579,1.95e+12,26.30212203,251.6582865,1.46e+12,75.12234316,438321188636.164
"581",581,581,580,1.68e+12,26.30624358,247.9072305,7.34e+11,43.62736971,461855210535.417
"582",582,582,581,8.48e+11,25.78736315,229.4380062,5.43e+11,64.04729676,317709318980.95
"583",583,583,582,6.84e+11,25.20871362,214.2310889,4.76e+11,69.50476906,311825810446.876
"584",584,584,583,5.73e+11,24.80397281,206.6327781,4.29e+11,74.87290465,244165491764.571
"585",585,585,584,5.21e+11,24.71425343,202.54728,3.66e+11,70.28816955,294175290736.563
"586",586,586,585,4.15e+11,24.69856253,199.3023946,3.25e+11,78.28593584,370660867234.517
"587",587,587,586,3.83e+11,24.65446206,195.9264331,3.51e+11,91.64041436,485389230621.776
"588",588,588,587,4.18e+11,24.55405206,192.3848848,3.62e+11,86.70805491,620709863454.147
"589",589,589,588,5.13e+11,24.65248995,193.9844775,4.38e+11,85.26362946,861933603671.025
"590",590,590,589,6.76e+11,24.863051,200.9059959,5.16e+11,76.3274297,1044322284380.92
"591",591,591,590,8.51e+11,24.74073186,202.6199098,5.97e+11,70.10551919,1103157343887.9
"592",592,592,591,6.57e+11,24.21105909,194.4633363,3.1e+11,47.17943645,861933605030.695
"593",593,593,592,3.22e+11,23.79121268,187.9319176,2.89e+11,89.60224326,661894405970.161
"594",594,594,593,4.02e+11,23.83856033,190.8021991,3.69e+11,91.7927253,617768111906.452
"595",595,595,594,6.16e+11,24.17724997,199.5626079,4.31e+11,70.03721772,691311937309.935
"596",596,596,595,4.92e+11,24.31657516,202.6446012,2.48e+11,50.47199241,603059348729.295
"597",597,597,596,2.56e+11,24.06719935,202.3506834,1.85e+11,72.14021133,276524777371.383
"598",598,598,597,1.94e+11,24.02542784,206.1409185,1.81e+11,93.24099751,123553623922.251
"599",599,599,598,2.52e+11,24.35176376,214.8847026,2.41e+11,95.39299044,117670119920.416
"600",600,600,599,4.48e+11,24.83657341,226.6547406,3.9e+11,87.09634966,205922708954.28
"601",601,601,600,9.3e+11,25.17972298,228.6182047,8.44e+11,90.77960028,264757766648.368
"602",602,602,601,1.33e+12,25.46454296,231.4595109,1.05e+12,78.64780548,270641272463.1
"603",603,603,602,1.43e+12,25.79784652,235.5460664,8.02e+11,56.11266072,314767567433.256
"604",604,604,603,1.05e+12,25.98642217,234.017691,8.28e+11,78.9638645,358893858777.621
"605",605,605,604,1.08e+12,26.03168727,230.4725731,7.5e+11,69.31707461,455971702907.792
"606",606,606,605,9.68e+11,26.12857179,227.7731109,6.22e+11,64.19409578,541282538127.841
"607",607,607,606,7.18e+11,26.0558407,227.4910267,5.42e+11,75.50292596,717787711663.332
"608",608,608,607,6.33e+11,25.95932919,222.4067587,5.33e+11,84.18707291,856050099669.187
"609",609,609,608,6.41e+11,25.87177861,219.9559468,5.84e+11,91.22012449,867817110845.426
"610",610,610,609,7.41e+11,25.75239633,216.3016414,6.1e+11,82.27100316,879584122928.113
"611",611,611,610,8.73e+11,25.50355329,212.9854112,6.76e+11,77.40736627,911943405815.582
"612",612,612,611,1.1e+12,25.27842974,210.2034804,9.14e+11,83.36309689,917826911630.312
"613",613,613,612,1.19e+12,25.17348113,208.9988479,7.9e+11,66.53146321,873700618019.828
"614",614,614,613,8.57e+11,25.01329382,205.6859308,5.43e+11,63.41101015,711904208114.718
"615",615,615,614,6.15e+11,24.92044918,204.8907779,5.54e+11,90.09024977,735438230467.195
"616",616,616,615,8.34e+11,24.8733137,205.4688065,7.68e+11,92.11642286,767797512901.44
"617",617,617,616,1.02e+12,24.98677773,210.7275595,7.82e+11,76.56226434,882525875382.25
"618",618,618,617,8.79e+11,25.14098116,218.444367,6.73e+11,76.61897188,944302686436.928
"619",619,619,618,7.45e+11,25.14228679,214.6073074,6.13e+11,82.37600944,1050205792914.99
"620",620,620,619,7.89e+11,25.17954348,218.9878387,6.61e+11,83.87407267,1035497027924.94
"621",621,621,620,8.56e+11,25.35946264,223.4585539,7.33e+11,85.66803266,870758866018.911
"622",622,622,621,1.1e+12,25.48513716,230.937518,9.63e+11,87.7239576,770739265808.809
"623",623,623,622,1.2e+12,25.61226119,230.9173604,8.97e+11,74.92351472,614826363078.101
"624",624,624,623,1.06e+12,25.65683648,228.7318947,6e+11,56.54270914,594234092273.318
"625",625,625,624,7.37e+11,25.59868607,223.0626499,5.73e+11,77.72120153,511865011773.529
"626",626,626,625,7.67e+11,25.53325086,217.6017087,6.91e+11,90.11932683,503039750332.089
"627",627,627,626,8.28e+11,25.22396679,208.6111679,6.78e+11,81.8991123,361835609872.092
"628",628,628,627,7.44e+11,24.63805091,197.7810813,6.13e+11,82.34353651,285350032920.915
"629",629,629,628,6.5e+11,24.13559173,190.4694816,5.84e+11,89.80586482,273583020385.004
"630",630,630,629,6.31e+11,23.82026525,184.2688474,5.88e+11,93.13957284,320651067809.302
"631",631,631,630,6.73e+11,23.6955284,182.1947716,6.07e+11,90.30403326,320651066902.854
"632",632,632,631,6.6e+11,23.54564421,179.8948846,5.37e+11,81.38297872,205922703515.595
"633",633,633,632,5.73e+11,23.33082201,175.8528096,4.36e+11,76.10316327,194155691886.132
"634",634,634,633,4.54e+11,23.11762161,171.657717,3.05e+11,67.07293174,202980950608.229
"635",635,635,634,3.12e+11,22.97079824,169.0380713,2.19e+11,70.24142101,185330433164.035
"636",636,636,635,2.24e+11,22.98940056,169.2423977,1.42e+11,63.34387903,167679916173.066
"637",637,637,636,1.45e+11,22.95159116,169.312719,9.69e+10,66.63481829,161796410358.334
"638",638,638,637,1.03e+11,22.96813602,170.496132,8.82e+10,85.43842651,138262386646.185
"639",639,639,638,9.51e+10,22.98640144,171.4105211,7.27e+10,76.38523815,91194340128.3345
"640",640,640,639,7.88e+10,22.88911767,171.06264,7.35e+10,93.24368895,129437127924.088
"641",641,641,640,8.19e+10,22.90934347,172.2046578,7.9e+10,96.48087752,105903104665.163
"642",642,642,641,8.88e+10,23.00019356,173.6892195,8.58e+10,96.58860617,141204139553.551
"643",643,643,642,9.47e+10,23.07476466,175.5677345,9.16e+10,96.73736243,100019598850.432
"644",644,644,643,9.96e+10,23.14848204,176.8262249,9.83e+10,98.69529,126495375016.723
"645",645,645,644,1.11e+11,23.29502943,178.6600531,1.08e+11,96.94182985,155912904543.603
"646",646,646,645,1.17e+11,23.38780604,179.91894,9.96e+10,85.38391013,205922703968.819
"647",647,647,646,1.04e+11,23.28817225,178.9282649,9.74e+10,93.48508258,150029398275.648
"648",648,648,647,1.13e+11,23.32113919,179.1764811,1.08e+11,95.5026945,158854656997.745
"649",649,649,648,1.42e+11,23.42506307,180.5354121,1.35e+11,95.17714318,138262386646.185
"650",650,650,649,1.78e+11,23.56580913,182.0088327,1.61e+11,90.45574897,152971151636.237
"651",651,651,650,1.78e+11,23.46767269,180.5687108,1.67e+11,93.85211339,152971151183.013
"652",652,652,651,2.05e+11,23.58131394,181.3249963,1.83e+11,89.36842876,173563422441.02
"653",653,653,652,2.15e+11,23.41621484,178.894551,2.04e+11,94.95901792,138262386646.185
"654",654,654,653,2.89e+11,23.4587224,178.7245866,2.81e+11,97.33038481,150029398275.647
"655",655,655,654,4.2e+11,23.64638692,180.0379732,4.05e+11,96.48132214,205922703968.819
"656",656,656,655,5.35e+11,23.73074475,181.4039103,4.98e+11,92.97627073,214747962237.691
"657",657,657,656,5.97e+11,23.80399697,184.3713399,5.13e+11,85.95044645,191213938978.767
"658",658,658,657,5.41e+11,23.49603242,180.8477071,4.75e+11,87.81704951,223573220959.788
"659",659,659,658,4.92e+11,23.19914058,177.1650314,4.38e+11,88.99884935,161796410811.557
"660",660,660,659,4.51e+11,22.9472694,173.5514816,4.06e+11,89.88941863,132378881737.901
"661",661,661,660,4.29e+11,22.84408431,171.8066014,3.84e+11,89.48182593,102961351757.797
"662",662,662,661,4.19e+11,22.92635296,172.2783893,2.84e+11,67.73634412,123553622109.357
"663",663,663,662,2.92e+11,22.73077703,170.4251091,1.92e+11,65.64887326,117670116294.626
"664",664,664,663,2.01e+11,22.66625392,167.4586072,1.48e+11,73.5497523,76485575591.5065
"665",665,665,664,1.72e+11,22.62664631,166.4552708,1.55e+11,90.03345414,70602069776.7752
"666",666,666,665,1.76e+11,22.28221354,163.4032814,1.36e+11,77.23166211,79427328498.8719
"667",667,667,666,1.8e+11,22.20305729,165.717482,1.01e+11,56.49433096,88252587220.9688
"668",668,668,667,1.43e+11,22.1046243,167.1009605,1.13e+11,78.66275619,88252587220.9688
"669",669,669,668,1.4e+11,22.29767296,171.8183411,1.23e+11,88.04089243,82369081406.2377
"670",670,670,669,1.49e+11,22.6869479,177.4711703,1.37e+11,92.49432817,141204139553.551
"671",671,671,670,1.76e+11,23.17002818,185.6388156,1.47e+11,83.46072911,135320633738.82
"672",672,672,671,2.16e+11,23.57196802,192.7893648,1.59e+11,73.40829507,170621670893.326
"673",673,673,672,3.35e+11,23.7615307,198.1326233,2.65e+11,79.30124558,197097446153.169
"674",674,674,673,4.36e+11,24.02839668,201.1919904,3.09e+11,70.75863902,188272186977.848
"675",675,675,674,4.59e+11,24.34021682,203.0409152,3.71e+11,80.86842025,214747964957.034
"676",676,676,675,6.06e+11,24.72266553,206.1957219,5.27e+11,86.88924222,211806210689.997
"677",677,677,676,8.12e+11,25.00062506,206.8370979,6.35e+11,78.24386675,267699515476.72
"678",678,678,677,8.03e+11,24.97537243,202.454426,6.1e+11,75.98457934,426554172927.688
"679",679,679,678,6.6e+11,24.70003946,198.1151759,5.35e+11,81.10983311,329476326078.175
"680",680,680,679,6.03e+11,24.71998328,197.7225702,5.37e+11,89.09253368,588350583286.02
"681",681,681,680,6.63e+11,24.93770507,201.7320886,5.26e+11,79.33705057,794273286801.615
"682",682,682,681,6.21e+11,24.5508709,196.4314607,4.94e+11,79.49969317,853108344948.928
"683",683,683,682,6.63e+11,24.20038586,192.9024296,5.25e+11,79.20369331,688370181230.005
"684",684,684,683,6.79e+11,23.83012126,185.7951934,4.93e+11,72.63641947,529515524685.483
"685",685,685,684,5.64e+11,23.81587738,187.4229634,2.13e+11,37.87335808,591292336193.386
"686",686,686,685,2.28e+11,23.71381985,185.7028674,1.65e+11,72.44247431,453029948187.53
"687",687,687,686,2.27e+11,23.59132367,185.8717308,2.15e+11,94.8108579,344185090615.002
"688",688,688,687,4.09e+11,23.72907489,190.1159897,3.65e+11,89.28850932,288291786281.503
"689",689,689,688,5.01e+11,24.01859381,196.8022605,3.96e+11,78.97730333,288291789000.845
"690",690,690,689,4.44e+11,24.30701933,204.9534906,3.89e+11,87.53438906,261816011928.107
"691",691,691,690,4.49e+11,24.66854197,215.4527664,4.24e+11,94.35581538,273583025823.689
"692",692,692,691,5.85e+11,25.12065202,227.134006,5.14e+11,87.86869493,353010354775.785
"693",693,693,692,1.02e+12,25.43269509,236.3075103,9.02e+11,88.4479979,291233542814.659
"694",694,694,693,1.45e+12,25.61129975,238.950907,1.25e+12,86.72009123,258874261286.861
"695",695,695,694,1.59e+12,25.7764986,239.7414415,1.19e+12,75.21938351,270641273369.548
"696",696,696,695,1.39e+12,25.92956757,238.5533937,7.66e+11,55.16309633,308884061165.301
"697",697,697,696,9.9e+11,25.95711953,233.7969261,8.37e+11,84.52126628,388311388757.725
"698",698,698,697,1.04e+12,25.95802207,229.7777867,8.06e+11,77.58016367,453029952266.545
"699",699,699,698,9.22e+11,25.94197524,227.4593186,6.61e+11,71.71471786,535399031859.887
"700",700,700,699,7.59e+11,25.78522413,219.3039425,6.42e+11,84.5995176,632476877349.729
"701",701,701,700,7.17e+11,25.52003471,212.9094724,6.15e+11,85.75076488,706020699580.646
"702",702,702,701,6.8e+11,25.22626031,202.0794978,5.76e+11,84.70688965,694253687951.183
"703",703,703,702,6.51e+11,24.81103346,196.9011002,5.55e+11,85.37273978,626593370628.55
"704",704,704,703,7.6e+11,24.55976668,195.4417174,6.45e+11,84.82179036,673661418052.847
"705",705,705,704,8.57e+11,24.40943657,193.6427806,6.96e+11,81.21470427,761914004367.37
"706",706,706,705,7.9e+11,24.31843953,193.4168522,5.88e+11,74.46511475,761914005273.817
"707",707,707,706,6.25e+11,24.33183304,191.7699336,4.31e+11,69.03002579,788389782799.779
"708",708,708,707,4.7e+11,24.22676925,186.7795073,4.05e+11,86.22087219,723671217931.286
"709",709,709,708,5.28e+11,24.0696727,186.6363316,4.92e+11,93.24153486,744263487829.622
"710",710,710,709,6.76e+11,24.23246487,191.5219034,5.33e+11,78.81556253,753088746551.719
"711",711,711,710,6.09e+11,24.16869554,192.6541616,4.21e+11,69.24333188,547166045755.468
"712",712,712,711,4.61e+11,24.16449939,194.2191567,3.86e+11,83.748728,376544375768.591
"713",713,713,712,5.12e+11,24.31126847,199.963772,4.37e+11,85.3757055,391253141211.867
"714",714,714,713,5.77e+11,24.50033506,204.4980074,4.76e+11,82.47737333,370660870860.308
"715",715,715,714,7.79e+11,24.82472753,213.60496,5.78e+11,74.16894866,382427882036.546
"716",716,716,715,7.11e+11,24.84107247,212.8770961,4.02e+11,56.45916131,347126847601.383
"717",717,717,716,5.15e+11,24.77945965,210.0046643,3.07e+11,59.70135921,291233541908.212
"718",718,718,717,3.84e+11,24.25352616,198.8314737,2.98e+11,77.63907254,197097446606.393
"719",719,719,718,3.88e+11,23.73201379,188.6694694,3.59e+11,92.49222774,173563421534.573
"720",720,720,719,5.57e+11,23.91373794,188.0875823,5.36e+11,96.24347701,208864456422.96
"721",721,721,720,7.84e+11,24.32974374,191.9483503,7.51e+11,95.80305886,241223739310.43
"722",722,722,721,9.8e+11,24.45838409,192.5927248,8.82e+11,90.04102418,355952102244.465
"723",723,723,722,9.44e+11,24.26208173,185.1676002,7.67e+11,81.29535051,347126843522.368
"724",724,724,723,8.17e+11,23.88914426,181.5364641,7.15e+11,87.60326024,285350032014.467
"725",725,725,724,7.92e+11,23.78402238,180.4772557,6.26e+11,79.01341045,250048998032.526
"726",726,726,725,6.56e+11,23.55579604,177.8582039,4.92e+11,74.89801609,244165492217.795
"727",727,727,726,5.12e+11,23.52241104,176.9762309,3.1e+11,60.6077938,200039198154.087
"728",728,728,727,3.2e+11,23.51983669,177.9157623,1.94e+11,60.70680153,182388680256.669
"729",729,729,728,2.2e+11,23.48110106,178.4310166,1.92e+11,87.36953926,135320633738.819
"730",730,730,729,2.39e+11,23.5653405,180.507762,2.14e+11,89.46007477,170621668627.206
"731",731,731,730,2.76e+11,23.64080034,182.4283711,2.33e+11,84.60503897,164738163718.923
"732",732,732,731,2.88e+11,23.72726482,184.4781176,2.54e+11,88.17027249,138262387099.408
"733",733,733,732,3.1e+11,23.91400679,187.7249076,2.33e+11,75.25561845,205922703968.818
"734",734,734,733,2.75e+11,23.937126,190.2157216,2.37e+11,86.25405909,120611869201.991
"735",735,735,734,3.26e+11,24.06621509,189.9279038,2.84e+11,87.12634577,176505175801.609
"736",736,736,735,4.04e+11,24.32207668,192.5168794,3.15e+11,77.91653771,214747963597.363
"737",737,737,736,4.08e+11,24.45760285,193.1843265,3.16e+11,77.5080129,300058797910.966
"738",738,738,737,3.54e+11,24.17000457,188.051176,3e+11,84.98310118,200039199060.535
"739",739,739,738,3.26e+11,23.80858924,182.8598861,2.55e+11,78.24204134,126495375469.946
"740",740,740,739,2.78e+11,23.31349213,177.528868,2.62e+11,94.47907743,138262386646.185
"741",741,741,740,3.03e+11,23.16153848,176.9732546,2.71e+11,89.47986954,132378880831.454
"742",742,742,741,2.86e+11,23.02130953,175.3066442,2.75e+11,96.04639217,85310834313.6038
"743",743,743,742,3.1e+11,23.12891558,175.7119466,2.35e+11,75.88507441,111786610479.894
"744",744,744,743,2.39e+11,23.011645,173.6149907,1.86e+11,77.98611896,100019599303.656
"745",745,745,744,1.96e+11,22.97262959,172.8304488,1.19e+11,60.48265383,135320634192.043
"746",746,746,745,1.22e+11,22.9530077,171.6956798,8.6e+10,70.49670611,108844857572.529
"747",747,747,746,9e+10,22.95478382,171.2702726,7.96e+10,88.46427302,108844857572.529
"748",748,748,747,8.5e+10,22.98939804,171.9140373,7.91e+10,93.10929116,114728363387.259
"749",749,749,748,8.33e+10,23.00275453,172.6428291,7.85e+10,94.34601386,114728363387.26
"750",750,750,749,8.6e+10,23.0728505,172.4753771,8.32e+10,96.72354234,150029398728.871
"751",751,751,750,1.01e+11,23.21401527,174.3862513,9.24e+10,91.82187522,191213939431.99
"752",752,752,751,1.4e+11,23.29795371,177.3154878,1.34e+11,96.22361903,164738163265.7
"753",753,753,752,1.85e+11,23.42195568,179.006295,1.8e+11,97.11230524,111786610479.894
"754",754,754,753,2.48e+11,23.5469872,180.0605585,2.44e+11,98.32772419,152971151183.013
"755",755,755,754,3.85e+11,23.82939963,181.8564197,3.67e+11,95.4043372,188272186071.401
"756",756,756,755,4.26e+11,23.64508027,179.5119493,4.23e+11,99.24100542,164738162812.476
"757",757,757,756,5.39e+11,23.80536158,180.9908471,5.31e+11,98.61217351,211806209330.326
"758",758,758,757,6.11e+11,23.90748146,181.8579974,6e+11,98.20592862,282408279560.325
"759",759,759,758,6.72e+11,24.01071581,182.8715428,6.41e+11,95.43424473,314767562447.794
"760",760,760,759,7e+11,24.19824594,185.9484049,6.07e+11,86.65184601,414787162204.673
"761",761,761,760,6.31e+11,24.22858548,185.6842946,4.65e+11,73.76510514,385369631771.345
"762",762,762,761,4.73e+11,24.10052872,184.7565188,2.73e+11,57.77724685,317709314901.936
"763",763,763,762,2.83e+11,23.82755455,182.3756463,2.05e+11,72.57549926,229456728587.414
"764",764,764,763,2.48e+11,23.7607712,182.771188,2.35e+11,94.67904792,182388682069.564
"765",765,765,764,3.68e+11,24.12177754,190.7808066,3.52e+11,95.79885631,238281987762.735
"766",766,766,765,4.68e+11,24.28396454,194.799163,4.55e+11,97.19462602,244165494030.69
"767",767,767,766,6.9e+11,24.67706279,203.29501,5.67e+11,82.24144007,353010353416.114
"768",768,768,767,7.22e+11,24.7827191,207.7477538,5.83e+11,80.69826341,329476329703.965
"769",769,769,768,6.43e+11,24.76022768,207.9614381,4.93e+11,76.67593489,238281989575.63
"770",770,770,769,5.84e+11,24.77010359,208.724914,4.51e+11,77.23760596,247107247391.28
"771",771,771,770,6.64e+11,25.06147119,215.4448571,4.72e+11,71.12219744,320651070075.42
"772",772,772,771,6.87e+11,25.17780121,215.3627163,6.65e+11,96.70829661,414787162657.896
"773",773,773,772,9.95e+11,25.45496878,217.9639579,9.75e+11,97.9941916,703078947579.726
"774",774,774,773,1.35e+12,25.65664711,220.0870764,1.22e+12,89.86988738,806040298884.298
"775",775,775,774,1.3e+12,25.38243107,213.3937116,1.21e+12,92.75061231,761914006180.263
"776",776,776,775,1.31e+12,25.28405393,209.3806745,1.25e+12,95.83136672,814865558059.619
"777",777,777,776,1.4e+12,25.35346935,208.7983556,1.31e+12,93.49912902,894292887918.162
"778",778,778,777,1.49e+12,25.39488596,208.6921053,1.33e+12,89.32367693,961953204334.347
"779",779,779,778,1.39e+12,25.33350624,207.7216404,1.23e+12,88.01789388,920768663178.005
"780",780,780,779,1.32e+12,25.39045775,208.9480456,9.79e+11,74.36698543,932535675713.915
"781",781,781,780,1e+12,25.29597383,207.8372472,7.27e+11,72.41363168,900176393732.893
"782",782,782,781,7.73e+11,25.25026719,207.7152076,5.73e+11,74.18572024,841341335132.357
"783",783,783,782,7.58e+11,25.20173394,208.5074871,7.05e+11,93.03884669,817807312779.879
"784",784,784,783,1.03e+12,25.40268253,212.0150782,1.01e+12,97.97491841,773681019169.394
"785",785,785,784,1.47e+12,25.62566594,221.8866781,1.36e+12,92.54585785,808982054511.005
"786",786,786,785,1.56e+12,25.62487677,222.397965,1.42e+12,91.02684176,794273289520.954
"787",787,787,786,1.81e+12,25.91054935,230.9414981,1.68e+12,92.73883094,897234642638.422
"788",788,788,787,2.07e+12,26.14414951,233.3351624,1.88e+12,90.8107563,1153167143766.34
"789",789,789,788,2.06e+12,26.12933803,233.9964306,1.16e+12,56.39953808,1209060449006.28
"790",790,790,789,1.24e+12,25.69195534,222.6883085,6.18e+11,50.03015787,1017846510933.97
"791",791,791,790,6.67e+11,25.23363133,212.1179034,4.77e+11,71.45379044,644243889432.415
"792",792,792,791,6.08e+11,25.09030317,206.9994944,5.57e+11,91.49663666,570700066295.05
"793",793,793,792,7.13e+11,24.88433257,201.6283265,6.37e+11,89.28834278,470680465631.724
"794",794,794,793,7.21e+11,24.42570022,194.0098846,6.99e+11,96.98490649,332418078532.318
"795",795,795,794,8.55e+11,24.45691212,193.2061161,7.53e+11,88.14567932,358893855605.056
"796",796,796,795,7.78e+11,24.06672064,186.8825286,6.54e+11,84.10326279,255932503394.034
"797",797,797,796,6.66e+11,23.69203103,181.6076958,5.33e+11,79.9871832,185330433164.035
"798",798,798,797,5.46e+11,23.3963501,177.1519162,4.12e+11,75.4308924,158854656997.744
"799",799,799,798,4.36e+11,23.30479389,174.3886966,3.09e+11,71.00016292,167679915719.841
"800",800,800,799,3.18e+11,23.28459705,173.3602922,NA,NA,167679915719.842
