Time,Total Area,Andaman Area,SCS Area,Andaman Overlap,Andaman Percent Similarity,SCS Overlap,SCS Percent Similarity
-1,7.94E+10,3.42E+10,1.44E+10,,,,
0,3.99E+11,1.29E+11,1.29E+11,1.29E+11,99.62187993,1.28E+11,99.53969007
1,4.01E+11,1.30E+11,1.29E+11,1.20E+11,92.76674087,1.20E+11,93.06887769
2,4.10E+11,1.33E+11,1.31E+11,1.17E+11,88.01856512,1.19E+11,90.52171663
3,4.08E+11,1.29E+11,1.30E+11,1.07E+11,82.37620703,1.12E+11,86.14482886
4,3.89E+11,1.19E+11,1.23E+11,1.01E+11,85.04070357,1.12E+11,91.10896802
5,4.10E+11,1.23E+11,1.35E+11,9.87E+10,80.26836905,1.17E+11,86.52884665
6,4.11E+11,1.19E+11,1.40E+11,9.10E+10,76.64282163,1.10E+11,78.4224738
7,4.20E+11,1.18E+11,1.47E+11,9.07E+10,76.76880506,1.17E+11,79.35034171
8,4.35E+11,1.17E+11,1.56E+11,7.60E+10,64.69947402,1.12E+11,71.39290104
9,4.52E+11,1.07E+11,1.74E+11,5.04E+10,46.97140515,7.97E+10,45.88130987
10,4.60E+11,8.53E+10,1.88E+11,3.08E+10,36.12000516,5.47E+10,29.11181674
11,4.69E+11,6.58E+10,2.11E+11,2.00E+10,30.45672164,2.92E+10,13.87428843
12,4.34E+11,6.02E+10,2.08E+11,1.33E+10,22.10517571,1.64E+10,7.862431473
13,3.41E+11,6.46E+10,1.57E+11,1.14E+10,17.63622291,1.25E+10,7.96453982
14,2.44E+11,5.64E+10,1.19E+11,1.26E+10,22.24959677,1.29E+10,10.77327925
15,1.65E+11,3.87E+10,8.10E+10,1.23E+10,31.9391635,1.80E+10,22.25719646
16,1.28E+11,3.08E+10,6.39E+10,1.54E+10,50.09900347,2.45E+10,38.30926802
17,1.09E+11,2.55E+10,5.79E+10,1.59E+10,62.44507219,3.21E+10,55.49453396
18,9.22E+10,2.08E+10,4.90E+10,1.63E+10,78.6313253,3.87E+10,79.10743464
19,8.54E+10,1.88E+10,4.67E+10,1.83E+10,96.9924013,4.59E+10,98.25046041
20,8.74E+10,1.91E+10,4.85E+10,1.91E+10,100,4.85E+10,100
21,8.77E+10,1.91E+10,4.86E+10,1.91E+10,100,4.86E+10,100
22,8.88E+10,1.94E+10,4.90E+10,1.86E+10,95.64276885,4.64E+10,94.57811672
23,9.10E+10,1.99E+10,4.95E+10,1.90E+10,95.41570323,4.68E+10,94.57581938
24,9.39E+10,2.11E+10,5.06E+10,1.93E+10,91.51001468,4.51E+10,89.04225908
25,9.22E+10,2.08E+10,4.90E+10,1.98E+10,95.55876686,4.61E+10,94.21914563
26,1.01E+11,2.27E+10,5.37E+10,2.00E+10,88.18682529,4.48E+10,83.43610858
27,9.88E+10,2.31E+10,5.15E+10,2.12E+10,92.03988728,4.52E+10,87.85477009
28,1.10E+11,2.56E+10,5.81E+10,2.27E+10,88.41037644,4.71E+10,80.98505563
29,1.15E+11,2.62E+10,6.11E+10,2.20E+10,83.9481213,4.57E+10,74.78256597
30,1.14E+11,2.66E+10,5.91E+10,2.41E+10,90.68051792,5.14E+10,86.90065598
31,1.27E+11,3.01E+10,6.47E+10,2.73E+10,90.48804781,5.70E+10,88.15626739
32,1.31E+11,3.20E+10,6.55E+10,3.03E+10,94.7197502,6.16E+10,94.01108042
33,1.35E+11,3.34E+10,6.69E+10,3.01E+10,90.0598265,5.88E+10,87.88639386
34,1.32E+11,3.33E+10,6.43E+10,3.15E+10,94.55917275,5.99E+10,93.17067858
35,1.43E+11,3.49E+10,7.08E+10,3.14E+10,89.78499241,6.16E+10,86.96112775
36,1.49E+11,3.69E+10,7.46E+10,3.48E+10,94.44926279,6.95E+10,93.23413097
37,1.54E+11,3.76E+10,7.65E+10,3.29E+10,87.35522261,6.61E+10,86.38282302
38,1.48E+11,3.64E+10,7.26E+10,3.43E+10,94.24792118,6.72E+10,92.55433435
39,1.50E+11,3.68E+10,7.27E+10,3.46E+10,93.96687483,6.74E+10,92.72964976
40,1.54E+11,3.67E+10,7.62E+10,3.47E+10,94.5761788,7.09E+10,93.07923508
41,1.57E+11,3.68E+10,7.69E+10,3.46E+10,94.03804348,7.12E+10,92.53401604
42,1.69E+11,3.89E+10,8.27E+10,3.68E+10,94.57467841,7.68E+10,92.89133325
43,1.75E+11,4.03E+10,8.61E+10,3.82E+10,94.68309248,8.00E+10,92.9250595
44,1.78E+11,4.07E+10,8.76E+10,3.86E+10,94.73438498,8.14E+10,92.83261264
45,1.79E+11,4.08E+10,8.84E+10,3.87E+10,94.81287095,8.20E+10,92.83199964
46,1.76E+11,3.96E+10,8.74E+10,3.89E+10,98.30132007,8.24E+10,94.29185875
47,1.80E+11,4.11E+10,8.88E+10,3.89E+10,94.7637479,8.23E+10,92.71879645
48,1.70E+11,3.90E+10,8.24E+10,3.87E+10,99.18709611,8.16E+10,98.9229575
49,1.78E+11,4.08E+10,8.78E+10,3.87E+10,94.79720622,8.16E+10,92.90889208
50,1.70E+11,3.90E+10,8.25E+10,3.90E+10,100,8.25E+10,100
51,1.70E+11,3.91E+10,8.25E+10,3.85E+10,98.69654289,8.14E+10,98.65438235
52,1.78E+11,4.06E+10,8.76E+10,3.86E+10,94.90724795,8.11E+10,92.53918782
53,1.67E+11,3.87E+10,8.12E+10,3.52E+10,91.14726116,7.17E+10,88.32567366
54,1.70E+11,3.94E+10,8.33E+10,3.64E+10,92.41316271,7.52E+10,90.20572773
55,1.64E+11,3.85E+10,8.08E+10,3.60E+10,93.51178731,7.57E+10,93.62578889
56,1.62E+11,3.80E+10,8.10E+10,3.21E+10,84.58744572,6.19E+10,76.42302517
57,1.48E+11,3.64E+10,7.25E+10,3.03E+10,83.19036622,5.94E+10,81.92664726
58,1.49E+11,3.68E+10,7.45E+10,2.96E+10,80.33375007,5.71E+10,76.74890211
59,1.35E+11,3.31E+10,6.63E+10,2.83E+10,85.40463738,5.44E+10,81.95512531
60,1.35E+11,3.32E+10,6.67E+10,2.75E+10,82.66939463,5.59E+10,83.91544393
61,1.27E+11,3.05E+10,6.34E+10,2.83E+10,92.80962213,6.03E+10,95.02799022
62,1.26E+11,2.98E+10,6.43E+10,2.85E+10,95.5413158,6.02E+10,93.61632628
63,1.19E+11,2.86E+10,6.03E+10,2.82E+10,98.8303684,5.97E+10,99.0031349
64,1.24E+11,2.96E+10,6.36E+10,2.82E+10,95.38768471,5.97E+10,93.77397045
65,1.27E+11,3.03E+10,6.49E+10,2.88E+10,95.15644101,6.09E+10,93.8702516
66,1.22E+11,2.90E+10,6.12E+10,2.89E+10,99.73803943,6.11E+10,99.79575831
67,1.27E+11,3.05E+10,6.34E+10,2.75E+10,90.04524887,5.59E+10,88.20040384
68,1.34E+11,3.32E+10,6.66E+10,2.67E+10,80.38837874,5.01E+10,75.22590135
69,1.41E+11,3.36E+10,7.13E+10,2.60E+10,77.29435556,5.18E+10,72.54225885
70,1.48E+11,3.64E+10,7.25E+10,2.84E+10,77.92768039,5.21E+10,71.76832295
71,1.70E+11,3.94E+10,8.33E+10,2.77E+10,70.2881244,4.89E+10,58.77803929
72,2.00E+11,4.38E+10,1.01E+11,3.08E+10,70.20266569,5.42E+10,53.38391054
73,2.35E+11,5.36E+10,1.18E+11,3.48E+10,64.79099079,6.39E+10,54.33734427
74,2.55E+11,5.84E+10,1.21E+11,4.10E+10,70.15801818,7.02E+10,57.90806855
75,2.84E+11,6.06E+10,1.36E+11,4.71E+10,77.66866913,9.19E+10,67.57062645
76,3.11E+11,6.26E+10,1.45E+11,5.53E+10,88.41413705,1.19E+11,82.00026245
77,3.36E+11,6.37E+10,1.60E+11,5.63E+10,88.29316513,1.30E+11,81.32467093
78,3.45E+11,6.53E+10,1.58E+11,5.34E+10,81.73262327,1.14E+11,71.98856032
79,3.49E+11,6.48E+10,1.55E+11,5.66E+10,87.38310546,1.27E+11,81.65911898
80,3.39E+11,6.15E+10,1.54E+11,5.74E+10,93.32237752,1.40E+11,90.75230217
81,3.41E+11,6.24E+10,1.53E+11,6.24E+10,100,1.53E+11,100
82,3.42E+11,6.24E+10,1.53E+11,5.68E+10,91.0404254,1.35E+11,87.94857747
83,3.59E+11,6.50E+10,1.63E+11,5.31E+10,81.60481105,1.18E+11,71.96876989
84,3.26E+11,6.11E+10,1.47E+11,4.91E+10,80.31832235,1.02E+11,69.81831564
85,3.37E+11,6.40E+10,1.60E+11,5.53E+10,86.33657797,1.19E+11,74.09387923
86,3.11E+11,6.25E+10,1.45E+11,5.70E+10,91.25654199,1.31E+11,90.57969512
87,3.03E+11,6.06E+10,1.44E+11,6.06E+10,100,1.44E+11,100
88,3.04E+11,6.08E+10,1.44E+11,5.72E+10,94.10448007,1.31E+11,91.09477805
89,3.11E+11,6.25E+10,1.45E+11,5.89E+10,94.15604153,1.32E+11,90.89457863
90,3.31E+11,6.40E+10,1.59E+11,6.03E+10,94.19028119,1.44E+11,90.86588697
91,3.37E+11,6.39E+10,1.60E+11,5.65E+10,88.36336336,1.30E+11,81.35400388
92,3.21E+11,6.09E+10,1.47E+11,5.31E+10,87.13389808,1.18E+11,80.00203431
93,3.27E+11,6.13E+10,1.47E+11,5.32E+10,86.85365575,1.18E+11,80.2276144
94,3.34E+11,6.19E+10,1.47E+11,6.18E+10,99.83207389,1.47E+11,99.89811582
95,3.60E+11,6.52E+10,1.64E+11,6.52E+10,99.97701114,1.64E+11,99.98840466
96,3.60E+11,6.52E+10,1.64E+11,6.49E+10,99.48953,1.63E+11,99.63256836
97,3.59E+11,6.49E+10,1.63E+11,6.13E+10,94.47620222,1.42E+11,87.01221529
98,3.53E+11,6.55E+10,1.57E+11,6.09E+10,93.0323802,1.44E+11,91.81740979
99,3.50E+11,6.51E+10,1.59E+11,6.08E+10,93.3259604,1.44E+11,90.76335254
100,3.48E+11,6.48E+10,1.59E+11,5.70E+10,87.87131003,1.32E+11,82.98407745
101,3.22E+11,6.10E+10,1.48E+11,5.33E+10,87.31115845,1.19E+11,80.44099522
102,3.14E+11,6.07E+10,1.48E+11,5.51E+10,90.84661404,1.18E+11,79.98689216
103,3.10E+11,6.23E+10,1.44E+11,5.40E+10,86.67404946,1.17E+11,81.06680147
104,2.95E+11,6.10E+10,1.42E+11,5.06E+10,82.87052964,1.01E+11,70.75853919
105,2.80E+11,6.11E+10,1.33E+11,4.60E+10,75.32875882,8.73E+10,65.68502017
106,2.70E+11,6.03E+10,1.30E+11,3.61E+10,59.94096773,6.50E+10,49.84823865
107,2.25E+11,5.26E+10,1.10E+11,3.86E+10,73.47439728,7.51E+10,68.60771977
108,2.20E+11,4.88E+10,1.12E+11,4.57E+10,93.72054907,1.03E+11,92.10749975
109,2.18E+11,4.82E+10,1.12E+11,4.34E+10,90.13809573,9.37E+10,83.87426024
110,2.26E+11,5.09E+10,1.15E+11,3.70E+10,72.63919187,6.89E+10,60.07799958
111,2.50E+11,5.89E+10,1.21E+11,3.80E+10,64.56278541,6.36E+10,52.65979893
112,2.82E+11,6.16E+10,1.35E+11,3.55E+10,57.53195769,5.54E+10,41.05577276
113,3.36E+11,6.36E+10,1.60E+11,3.51E+10,55.09835344,5.86E+10,36.70992414
114,3.65E+11,6.64E+10,1.66E+11,3.67E+10,55.26688568,6.09E+10,36.71361559
115,4.58E+11,6.53E+10,2.22E+11,3.58E+10,54.79426864,7.61E+10,34.27637562
116,4.68E+11,6.33E+10,2.22E+11,4.25E+10,67.08990698,1.06E+11,47.80036969
117,4.95E+11,6.72E+10,2.28E+11,5.97E+10,88.87035769,1.83E+11,80.26053378
118,5.04E+11,7.15E+10,2.31E+11,6.33E+10,88.59021899,1.86E+11,80.42618858
119,4.70E+11,6.99E+10,2.07E+11,6.55E+10,93.59746072,1.84E+11,89.09782082
120,5.00E+11,7.63E+10,2.22E+11,7.63E+10,100,2.22E+11,100
121,5.01E+11,7.66E+10,2.22E+11,7.12E+10,92.94801463,2.06E+11,92.67294366
122,4.73E+11,7.14E+10,2.06E+11,7.08E+10,99.22652243,2.02E+11,98.04566263
123,5.05E+11,7.48E+10,2.24E+11,7.47E+10,99.80882864,2.24E+11,99.87963087
124,5.04E+11,7.47E+10,2.24E+11,7.44E+10,99.62228265,2.23E+11,99.74558115
125,5.02E+11,7.44E+10,2.23E+11,5.21E+10,70.07811555,1.42E+11,63.60182575
126,4.96E+11,6.73E+10,2.28E+11,3.03E+10,45.04213922,5.58E+10,24.45012609
127,4.31E+11,6.00E+10,2.00E+11,2.52E+10,41.95451137,3.99E+10,19.97719008
128,3.86E+11,6.55E+10,1.77E+11,2.72E+10,41.50738721,3.84E+10,21.69338479
129,3.14E+11,6.07E+10,1.48E+11,2.71E+10,44.62262908,3.68E+10,24.8479366
130,2.61E+11,5.89E+10,1.25E+11,2.22E+10,37.63024811,3.43E+10,27.42175024
131,2.20E+11,4.89E+10,1.12E+11,1.37E+10,27.98168887,1.54E+10,13.7464502
132,1.56E+11,3.88E+10,7.73E+10,5.43E+09,14.00572504,6.58E+09,8.51741139
133,1.01E+11,2.38E+10,5.25E+10,4.84E+09,20.36109591,9.25E+09,17.61780454
134,7.66E+10,1.53E+10,4.49E+10,7.74E+09,50.70450226,1.87E+10,41.68521817
135,5.95E+10,1.27E+10,3.40E+10,8.80E+09,69.14492298,2.40E+10,70.55483643
136,5.33E+10,1.11E+10,3.06E+10,9.16E+09,82.29213483,2.57E+10,83.85105341
137,5.04E+10,1.02E+10,2.88E+10,9.68E+09,94.51171875,2.71E+10,94.10230553
138,4.94E+10,1.01E+10,2.81E+10,9.83E+09,97.41302409,2.76E+10,98.17197021
139,4.84E+10,9.83E+09,2.76E+10,9.83E+09,100,2.76E+10,100
140,4.93E+10,1.00E+10,2.80E+10,9.29E+09,92.48157738,2.60E+10,92.83466819
141,4.88E+10,9.95E+09,2.79E+10,9.55E+09,95.96101678,2.68E+10,96.23642424
142,5.30E+10,1.11E+10,3.04E+10,9.90E+09,89.38244854,2.72E+10,89.59191067
143,5.43E+10,1.13E+10,3.13E+10,1.08E+10,95.55378768,3.01E+10,96.13984674
144,5.80E+10,1.20E+10,3.36E+10,1.11E+10,92.47599165,3.10E+10,92.36500179
145,6.06E+10,1.30E+10,3.48E+10,1.20E+10,92.31894097,3.20E+10,91.8874648
146,6.34E+10,1.33E+10,3.63E+10,1.23E+10,92.13652082,3.33E+10,91.83718432
147,6.57E+10,1.35E+10,3.80E+10,1.29E+10,95.53221392,3.63E+10,95.33722336
148,6.77E+10,1.38E+10,3.95E+10,1.32E+10,95.21811474,3.77E+10,95.48712234
149,6.93E+10,1.41E+10,4.05E+10,1.34E+10,95.40034072,3.85E+10,95.20268768
150,6.72E+10,1.37E+10,3.91E+10,1.32E+10,96.83410105,3.82E+10,97.67174402
151,6.85E+10,1.39E+10,4.01E+10,1.30E+10,93.4428592,3.74E+10,93.12106037
152,6.70E+10,1.36E+10,3.92E+10,1.29E+10,94.3588615,3.62E+10,92.37642974
153,6.55E+10,1.35E+10,3.80E+10,1.22E+10,90.44084904,3.32E+10,87.47761508
154,6.31E+10,1.32E+10,3.62E+10,1.19E+10,90.16703197,3.18E+10,87.94261547
155,6.03E+10,1.29E+10,3.46E+10,1.24E+10,96.06098127,3.26E+10,94.05023095
156,5.95E+10,1.29E+10,3.39E+10,1.27E+10,98.45736434,3.36E+10,98.90715211
157,5.86E+10,1.27E+10,3.36E+10,1.27E+10,100,3.36E+10,100
158,5.91E+10,1.28E+10,3.38E+10,1.19E+10,92.50643978,3.11E+10,92.09777778
159,6.10E+10,1.30E+10,3.50E+10,1.20E+10,92.2999923,3.21E+10,91.706621
160,6.17E+10,1.30E+10,3.53E+10,1.24E+10,95.64412921,3.37E+10,95.63466175
161,6.59E+10,1.36E+10,3.81E+10,1.23E+10,90.93055863,3.46E+10,90.79516556
162,6.83E+10,1.38E+10,4.00E+10,1.26E+10,90.79936398,3.61E+10,90.26376261
163,7.15E+10,1.41E+10,4.24E+10,1.23E+10,87.2919926,3.61E+10,85.12268131
164,7.54E+10,1.49E+10,4.44E+10,1.25E+10,83.75702435,3.53E+10,79.39825241
165,7.63E+10,1.59E+10,4.31E+10,1.39E+10,87.16339213,3.64E+10,84.39392182
166,8.52E+10,1.83E+10,4.77E+10,1.53E+10,83.66845154,3.78E+10,79.25050882
167,8.80E+10,1.93E+10,4.74E+10,1.75E+10,90.94820882,4.19E+10,88.38494642
168,9.86E+10,2.21E+10,5.28E+10,2.11E+10,95.78141284,5.00E+10,94.62426652
169,9.98E+10,2.25E+10,5.34E+10,2.16E+10,96.02966647,5.04E+10,94.50285821
170,9.66E+10,2.20E+10,5.11E+10,2.11E+10,95.81475753,4.81E+10,94.1413588
171,9.78E+10,2.24E+10,5.14E+10,2.14E+10,95.60076741,4.83E+10,93.94965176
172,9.90E+10,2.31E+10,5.16E+10,2.22E+10,95.84089927,4.83E+10,93.58922167
173,1.06E+11,2.47E+10,5.61E+10,2.47E+10,100,5.61E+10,100
174,1.06E+11,2.47E+10,5.61E+10,2.20E+10,89.10497954,4.80E+10,85.5714031
175,1.03E+11,2.39E+10,5.43E+10,1.95E+10,81.85514293,4.44E+10,81.6772816
176,9.89E+10,2.22E+10,5.30E+10,1.73E+10,78.12584635,4.14E+10,78.13951732
177,9.08E+10,1.98E+10,4.94E+10,1.64E+10,82.51575498,4.07E+10,82.44077124
178,8.28E+10,1.80E+10,4.58E+10,1.52E+10,84.51566238,3.91E+10,85.4683677
179,8.16E+10,1.73E+10,4.60E+10,1.40E+10,80.89245512,3.79E+10,82.34195496
180,7.80E+10,1.60E+10,4.50E+10,1.40E+10,87.76020504,4.04E+10,89.83548244
181,7.67E+10,1.53E+10,4.50E+10,1.33E+10,86.71808615,3.90E+10,86.74613058
182,7.32E+10,1.44E+10,4.34E+10,1.16E+10,80.04984079,3.24E+10,74.77747544
183,6.57E+10,1.34E+10,3.81E+10,1.19E+10,88.3998508,3.22E+10,84.38442376
184,6.47E+10,1.36E+10,3.71E+10,1.33E+10,98.01666298,3.66E+10,98.54689564
185,6.35E+10,1.33E+10,3.66E+10,1.22E+10,91.68045735,3.33E+10,91.19658587
186,6.41E+10,1.32E+10,3.69E+10,9.82E+09,74.37159297,2.60E+10,70.42573936
187,7.55E+10,1.50E+10,4.45E+10,9.65E+09,64.30475937,2.47E+10,55.60653083
188,8.38E+10,1.83E+10,4.61E+10,1.09E+10,59.70165565,2.11E+10,45.75187481
189,1.08E+11,2.52E+10,5.76E+10,1.42E+10,56.1210345,2.19E+10,38.01972976
190,1.32E+11,3.21E+10,6.56E+10,1.53E+10,47.49820967,2.35E+10,35.84575068
191,1.63E+11,3.83E+10,8.14E+10,2.16E+10,56.32709596,3.38E+10,41.53059845
192,2.09E+11,4.56E+10,1.05E+11,2.69E+10,58.9448736,4.29E+10,40.68294996
193,2.36E+11,5.53E+10,1.12E+11,4.46E+10,80.59177805,8.40E+10,75.10030471
194,2.54E+11,5.83E+10,1.21E+11,5.44E+10,93.36823136,1.10E+11,91.30474339
195,2.61E+11,5.88E+10,1.25E+11,5.87E+10,99.79944934,1.25E+11,99.92725994
196,2.77E+11,6.16E+10,1.35E+11,5.78E+10,93.80549649,1.23E+11,91.15290063
197,2.77E+11,6.11E+10,1.34E+11,5.73E+10,93.8102486,1.23E+11,91.42625222
198,2.83E+11,6.18E+10,1.35E+11,5.80E+10,93.87755102,1.24E+11,91.46574026
199,2.79E+11,6.07E+10,1.32E+11,6.07E+10,100,1.32E+11,100
200,2.79E+11,6.07E+10,1.32E+11,5.80E+10,95.42924886,1.24E+11,93.37924369
201,2.83E+11,6.17E+10,1.35E+11,5.66E+10,91.65613762,1.22E+11,89.91368535
202,2.74E+11,6.03E+10,1.33E+11,5.29E+10,87.75672584,1.09E+11,81.60614557
203,2.71E+11,6.04E+10,1.31E+11,5.67E+10,93.90348845,1.18E+11,89.9675434
204,2.64E+11,6.07E+10,1.28E+11,5.71E+10,94.07248764,1.16E+11,90.6290967
205,2.63E+11,6.10E+10,1.26E+11,5.72E+10,93.74805344,1.16E+11,92.23538378
206,2.48E+11,5.75E+10,1.18E+11,5.73E+10,99.74943013,1.18E+11,99.90282402
207,2.66E+11,6.11E+10,1.29E+11,5.72E+10,93.51879109,1.18E+11,91.75356112
208,2.72E+11,6.07E+10,1.31E+11,5.69E+10,93.60213372,1.21E+11,91.93278977
209,2.76E+11,6.14E+10,1.34E+11,5.76E+10,93.7719698,1.22E+11,91.12408868
210,2.75E+11,6.07E+10,1.34E+11,5.70E+10,93.96530421,1.22E+11,91.41631865
211,2.63E+11,5.76E+10,1.24E+11,5.76E+10,100,1.24E+11,100
212,2.63E+11,5.76E+10,1.24E+11,5.76E+10,99.91498222,1.24E+11,99.92595573
213,2.62E+11,5.76E+10,1.24E+11,5.76E+10,100,1.24E+11,100
214,2.63E+11,5.76E+10,1.24E+11,5.70E+10,98.9101574,1.22E+11,98.24358046
215,2.75E+11,6.07E+10,1.34E+11,5.34E+10,88.07682796,1.09E+11,81.87217724
216,2.73E+11,6.09E+10,1.31E+11,4.81E+10,78.94736842,9.24E+10,70.35686833
217,2.51E+11,5.91E+10,1.21E+11,3.31E+10,55.90021142,5.90E+10,48.72467931
218,2.20E+11,4.89E+10,1.12E+11,2.04E+10,41.67638932,2.89E+10,25.81550647
219,1.57E+11,3.68E+10,7.58E+10,1.28E+10,34.89205703,1.81E+10,23.91774892
220,1.32E+11,3.21E+10,6.56E+10,1.31E+10,40.69528378,1.96E+10,29.93477201
221,1.07E+11,2.48E+10,5.63E+10,1.07E+10,43.09198598,2.10E+10,37.24643859
222,8.26E+10,1.79E+10,4.57E+10,1.12E+10,62.37099024,2.92E+10,63.81460895
223,7.69E+10,1.55E+10,4.49E+10,1.29E+10,83.40230182,3.75E+10,83.62259107
224,7.14E+10,1.42E+10,4.20E+10,1.33E+10,93.72704154,3.92E+10,93.3487441
225,7.03E+10,1.39E+10,4.14E+10,1.39E+10,99.85590778,4.13E+10,99.79952659
226,7.38E+10,1.46E+10,4.36E+10,1.34E+10,91.96795399,3.92E+10,89.92893168
227,7.26E+10,1.44E+10,4.25E+10,1.31E+10,91.15641525,3.80E+10,89.31689296
228,7.44E+10,1.51E+10,4.30E+10,1.38E+10,91.25553134,3.82E+10,88.80407717
229,7.95E+10,1.68E+10,4.52E+10,1.40E+10,83.73881932,3.61E+10,79.92742721
230,8.29E+10,1.80E+10,4.58E+10,1.34E+10,74.62636813,3.08E+10,67.11407931
231,9.91E+10,2.23E+10,5.31E+10,1.47E+10,65.93067001,2.66E+10,50.13368481
232,1.16E+11,2.64E+10,6.18E+10,1.38E+10,52.29385649,2.41E+10,38.99435193
233,1.42E+11,3.46E+10,7.04E+10,1.75E+10,50.61361208,2.73E+10,38.82656973
234,1.74E+11,4.02E+10,8.60E+10,2.29E+10,56.88737439,3.40E+10,39.58871287
235,2.12E+11,4.73E+10,1.07E+11,3.66E+10,77.4067255,7.00E+10,65.43519333
236,2.44E+11,5.65E+10,1.19E+11,4.95E+10,87.59365867,1.01E+11,84.20175248
237,2.61E+11,6.06E+10,1.25E+11,5.67E+10,93.57755776,1.16E+11,92.18797389
238,2.64E+11,6.05E+10,1.28E+11,5.67E+10,93.6942591,1.16E+11,90.32101738
239,2.61E+11,6.06E+10,1.25E+11,4.95E+10,81.73300562,1.01E+11,80.31146782
240,2.45E+11,5.66E+10,1.20E+11,4.36E+10,77.01665665,8.68E+10,72.63974168
241,2.30E+11,5.22E+10,1.16E+11,2.79E+10,53.45283742,4.74E+10,40.99706948
242,1.90E+11,4.21E+10,9.55E+10,2.07E+10,49.06655266,3.25E+10,33.99991624
243,1.55E+11,3.84E+10,7.68E+10,1.32E+10,34.34498555,2.06E+10,26.89145701
244,1.20E+11,2.82E+10,6.22E+10,1.23E+10,43.49489796,1.95E+10,31.3278175
245,9.90E+10,2.23E+10,5.31E+10,1.05E+10,46.87892377,2.32E+10,43.64787697
246,7.83E+10,1.67E+10,4.38E+10,1.10E+10,66.13087027,3.03E+10,69.02507472
247,7.38E+10,1.46E+10,4.35E+10,1.09E+10,75.16838488,3.03E+10,69.57951123
248,6.80E+10,1.39E+10,3.96E+10,1.10E+10,79.327719,2.92E+10,73.65881996
249,6.10E+10,1.30E+10,3.50E+10,9.60E+09,73.91036501,2.65E+10,75.65361343
250,5.43E+10,1.13E+10,3.13E+10,9.16E+09,80.97595474,2.56E+10,81.64692359
251,5.00E+10,1.03E+10,2.87E+10,9.26E+09,90.20447907,2.63E+10,91.65648882
252,4.94E+10,9.99E+09,2.83E+10,9.99E+09,100,2.83E+10,100
253,4.98E+10,1.01E+10,2.85E+10,9.35E+09,92.69573835,2.64E+10,92.77963126
254,5.01E+10,1.03E+10,2.87E+10,9.87E+09,95.99416626,2.76E+10,96.14646905
255,5.32E+10,1.11E+10,3.06E+10,1.07E+10,96.4301812,2.95E+10,96.50534996
256,5.25E+10,1.10E+10,3.01E+10,1.10E+10,100,3.01E+10,100
257,5.28E+10,1.11E+10,3.03E+10,1.11E+10,99.85563476,3.02E+10,99.86792577
258,5.28E+10,1.11E+10,3.02E+10,1.10E+10,99.71988796,3.02E+10,99.83799511
259,5.51E+10,1.15E+10,3.17E+10,1.11E+10,96.12813612,3.06E+10,96.42823366
260,5.42E+10,1.13E+10,3.13E+10,1.11E+10,98.33480957,3.06E+10,97.98176875
261,5.53E+10,1.16E+10,3.18E+10,1.16E+10,100,3.18E+10,100
262,5.55E+10,1.16E+10,3.19E+10,1.11E+10,95.90340664,3.06E+10,96.15601858
263,5.58E+10,1.15E+10,3.23E+10,1.12E+10,97.25813449,3.11E+10,96.18802837
264,5.40E+10,1.12E+10,3.12E+10,1.06E+10,94.21127512,2.91E+10,93.23452988
265,5.27E+10,1.10E+10,3.02E+10,1.09E+10,98.38899448,2.98E+10,98.80491277
266,5.39E+10,1.13E+10,3.09E+10,1.07E+10,94.44050364,2.92E+10,94.46474183
267,5.29E+10,1.11E+10,3.03E+10,1.02E+10,92.53232077,2.86E+10,94.39458924
268,5.18E+10,1.06E+10,2.96E+10,1.06E+10,99.96240248,2.96E+10,99.97975504
269,5.18E+10,1.06E+10,2.96E+10,1.00E+10,93.98213446,2.80E+10,94.4281327
270,4.91E+10,1.00E+10,2.81E+10,9.76E+09,97.3264166,2.75E+10,97.98246239
271,4.99E+10,1.01E+10,2.85E+10,9.75E+09,96.39185449,2.75E+10,96.38799271
272,4.89E+10,9.97E+09,2.79E+10,9.56E+09,95.86718828,2.69E+10,96.19790921
273,5.24E+10,1.09E+10,3.01E+10,1.05E+10,96.38091757,2.90E+10,96.42892768
274,5.41E+10,1.13E+10,3.10E+10,1.09E+10,96.30804476,2.99E+10,96.46297072
275,5.54E+10,1.16E+10,3.18E+10,1.07E+10,92.12299188,2.96E+10,92.86993684
276,5.76E+10,1.19E+10,3.34E+10,1.06E+10,88.83842207,2.95E+10,88.50729719
277,6.17E+10,1.31E+10,3.53E+10,1.11E+10,84.67286869,2.94E+10,83.31399462
278,6.74E+10,1.37E+10,3.93E+10,1.08E+10,78.77066492,3.01E+10,76.40657972
279,7.49E+10,1.48E+10,4.40E+10,1.07E+10,72.03858608,2.87E+10,65.2699106
280,8.36E+10,1.78E+10,4.70E+10,1.35E+10,75.66990619,3.25E+10,69.1191798
281,9.57E+10,2.15E+10,5.14E+10,1.65E+10,77.02513966,3.45E+10,67.13285353
282,1.06E+11,2.46E+10,5.60E+10,1.98E+10,80.58059277,3.89E+10,69.43646133
283,1.15E+11,2.60E+10,6.13E+10,2.28E+10,87.79877603,4.95E+10,80.87402256
284,1.20E+11,2.82E+10,6.21E+10,2.82E+10,100,6.21E+10,100
285,1.21E+11,2.83E+10,6.24E+10,2.52E+10,88.8849645,5.50E+10,88.21511031
286,1.14E+11,2.64E+10,5.90E+10,2.27E+10,85.78299564,4.86E+10,82.39603826
287,1.13E+11,2.57E+10,6.03E+10,2.10E+10,81.67547404,4.25E+10,70.45439469
288,1.07E+11,2.48E+10,5.63E+10,1.91E+10,76.99029517,4.16E+10,73.8144696
289,1.00E+11,2.26E+10,5.35E+10,1.68E+10,74.35034751,3.93E+10,73.5191312
290,8.81E+10,1.93E+10,4.74E+10,1.55E+10,80.21756022,3.81E+10,80.24667932
291,8.60E+10,1.85E+10,4.80E+10,1.47E+10,79.42718184,3.84E+10,80.14718145
292,7.96E+10,1.68E+10,4.52E+10,1.36E+10,80.85245902,3.77E+10,83.48855215
293,7.68E+10,1.54E+10,4.48E+10,1.42E+10,92.1851732,4.21E+10,93.94594836
294,7.52E+10,1.49E+10,4.44E+10,1.40E+10,93.92639271,4.14E+10,93.31514632
295,7.42E+10,1.46E+10,4.37E+10,1.42E+10,96.7014956,4.20E+10,96.14442384
296,7.16E+10,1.42E+10,4.21E+10,1.42E+10,99.63400901,4.20E+10,99.7884428
297,7.37E+10,1.45E+10,4.34E+10,1.45E+10,100,4.34E+10,100
298,7.46E+10,1.47E+10,4.38E+10,1.41E+10,95.75478096,4.15E+10,94.79497068
299,7.58E+10,1.51E+10,4.46E+10,1.44E+10,95.45877042,4.23E+10,95.00527296
300,7.70E+10,1.55E+10,4.50E+10,1.42E+10,91.74134485,4.03E+10,89.58467733
301,7.52E+10,1.55E+10,4.30E+10,1.48E+10,95.66002451,4.05E+10,94.17712692
302,8.08E+10,1.71E+10,4.57E+10,1.57E+10,91.57611871,4.12E+10,89.98994184
303,7.92E+10,1.69E+10,4.43E+10,1.54E+10,91.41348208,3.95E+10,89.20981911
304,8.65E+10,1.88E+10,4.80E+10,1.56E+10,83.13919472,3.79E+10,78.94199942
305,9.41E+10,2.11E+10,5.08E+10,1.77E+10,84.15757,3.97E+10,78.17744859
306,1.03E+11,2.39E+10,5.44E+10,1.85E+10,77.46867168,3.55E+10,65.15716569
307,1.09E+11,2.51E+10,5.75E+10,2.09E+10,83.54278875,4.23E+10,73.50748214
308,1.21E+11,2.85E+10,6.26E+10,2.20E+10,77.18226808,4.41E+10,70.48837358
309,1.27E+11,3.11E+10,6.25E+10,2.62E+10,84.21915167,5.04E+10,80.72798284
310,1.35E+11,3.30E+10,6.62E+10,3.12E+10,94.66363636,6.16E+10,93.03649348
311,1.48E+11,3.55E+10,7.54E+10,3.38E+10,95.00618951,7.05E+10,93.55266473
312,1.43E+11,3.44E+10,7.19E+10,3.42E+10,99.39869281,7.18E+10,99.84837314
313,1.51E+11,3.72E+10,7.51E+10,3.52E+10,94.58159839,7.01E+10,93.30829771
314,1.45E+11,3.58E+10,7.18E+10,3.57E+10,99.75145913,7.17E+10,99.86484604
315,1.53E+11,3.74E+10,7.63E+10,3.27E+10,87.3738183,6.59E+10,86.34814077
316,1.48E+11,3.64E+10,7.25E+10,3.21E+10,88.36691498,6.20E+10,85.46309576
317,1.54E+11,3.65E+10,7.60E+10,3.25E+10,88.81348511,6.52E+10,85.80548353
318,1.68E+11,3.87E+10,8.24E+10,3.27E+10,84.51406286,6.51E+10,79.0137239
319,1.81E+11,4.11E+10,8.88E+10,3.28E+10,79.89829931,6.30E+10,70.95067648
320,1.92E+11,4.22E+10,9.55E+10,3.99E+10,94.44904722,8.72E+10,91.34132038
321,2.19E+11,4.83E+10,1.12E+11,4.35E+10,90.154936,9.40E+10,83.94971273
322,2.12E+11,4.73E+10,1.07E+11,4.47E+10,94.52237103,9.75E+10,91.11345735
323,2.16E+11,4.92E+10,1.08E+11,4.65E+10,94.45924239,9.78E+10,90.67410834
324,2.20E+11,5.03E+10,1.09E+11,5.03E+10,99.86887851,1.09E+11,99.93040038
325,2.37E+11,5.40E+10,1.18E+11,5.38E+10,99.60358625,1.18E+11,99.72911429
326,2.36E+11,5.38E+10,1.18E+11,5.34E+10,99.37511624,1.17E+11,99.5204183
327,2.35E+11,5.34E+10,1.17E+11,5.02E+10,93.91585882,1.09E+11,92.94389574
328,2.20E+11,5.03E+10,1.09E+11,4.66E+10,92.79831297,9.82E+10,89.99642402
329,2.17E+11,4.94E+10,1.08E+11,4.14E+10,83.92904153,8.59E+10,79.39247242
330,2.07E+11,4.63E+10,1.04E+11,3.48E+10,75.17909546,7.14E+10,68.35240603
331,1.99E+11,4.34E+10,1.02E+11,3.46E+10,79.80824633,6.91E+10,67.53664256
332,1.78E+11,4.08E+10,8.78E+10,2.87E+10,70.34915038,5.46E+10,62.16274675
333,1.54E+11,3.66E+10,7.61E+10,1.87E+10,50.9971043,2.96E+10,38.90064815
334,1.36E+11,3.38E+10,6.71E+10,1.29E+10,38.17223407,2.05E+10,30.49118313
335,1.11E+11,2.54E+10,5.93E+10,7.59E+09,29.85368156,1.34E+10,22.52708312
336,8.26E+10,1.76E+10,4.65E+10,5.69E+09,32.39364428,1.29E+10,27.71452554
337,6.16E+10,1.31E+10,3.53E+10,5.26E+09,40.13288529,1.44E+10,40.81337679
338,4.61E+10,9.16E+09,2.60E+10,4.83E+09,52.75685118,1.33E+10,51.28116477
339,3.73E+10,7.13E+09,2.03E+10,3.58E+09,50.17524183,1.01E+10,49.99753561
340,3.13E+10,5.87E+09,1.61E+10,3.16E+09,53.79369139,8.67E+09,53.72893954
341,2.80E+10,5.10E+09,1.34E+10,3.92E+09,76.95174578,1.01E+10,75.12125961
342,2.59E+10,4.87E+09,1.20E+10,4.51E+09,92.48922635,1.12E+10,93.7751004
343,2.69E+10,5.00E+09,1.22E+10,4.75E+09,94.95697418,1.17E+10,95.74572527
344,2.59E+10,4.82E+09,1.19E+10,4.56E+09,94.58281445,1.13E+10,95.60050569
345,2.70E+10,5.09E+09,1.25E+10,4.28E+09,84.02750491,1.10E+10,87.80741809
346,2.65E+10,4.83E+09,1.25E+10,4.34E+09,89.95026937,1.14E+10,91.18914605
347,2.71E+10,4.93E+09,1.30E+10,4.68E+09,94.82758621,1.24E+10,95.44264819
348,2.87E+10,5.26E+09,1.39E+10,4.73E+09,89.97336377,1.27E+10,91.39553257
349,2.88E+10,5.42E+09,1.40E+10,4.94E+09,91.05661073,1.29E+10,92.18359626
350,2.88E+10,5.46E+09,1.42E+10,4.94E+09,90.52245646,1.30E+10,91.61912811
351,3.05E+10,5.78E+09,1.54E+10,4.76E+09,82.43032716,1.31E+10,85.23620768
352,3.09E+10,5.77E+09,1.61E+10,5.20E+09,90.16478751,1.48E+10,92.02240199
353,3.27E+10,6.14E+09,1.72E+10,5.87E+09,95.63517915,1.66E+10,96.53450978
354,3.22E+10,6.05E+09,1.70E+10,5.94E+09,98.23169724,1.68E+10,98.76644737
355,3.31E+10,6.22E+09,1.74E+10,5.91E+09,95,1.66E+10,95.52367288
356,3.17E+10,5.93E+09,1.67E+10,5.89E+09,99.44303797,1.66E+10,99.49649344
357,3.31E+10,6.23E+09,1.73E+10,5.89E+09,94.65060241,1.66E+10,96.01805765
358,3.27E+10,6.13E+09,1.72E+10,5.86E+09,95.62591807,1.66E+10,96.53908795
359,3.22E+10,6.05E+09,1.70E+10,5.78E+09,95.48760331,1.63E+10,95.65191844
360,3.27E+10,6.17E+09,1.74E+10,5.88E+09,95.2866861,1.67E+10,96.0483871
361,3.44E+10,6.56E+09,1.83E+10,5.99E+09,91.30434783,1.69E+10,92.36724458
362,3.50E+10,6.69E+09,1.88E+10,6.13E+09,91.64799044,1.74E+10,92.3907838
363,3.66E+10,6.97E+09,2.00E+10,6.23E+09,89.46461892,1.77E+10,88.94011526
364,3.77E+10,7.32E+09,2.08E+10,6.75E+09,92.19518863,1.92E+10,92.36957464
365,4.13E+10,8.10E+09,2.28E+10,7.51E+09,92.60858835,2.12E+10,92.80767882
366,4.24E+10,8.48E+09,2.35E+10,8.10E+09,95.5280236,2.26E+10,96.22697817
367,4.40E+10,8.73E+09,2.46E+10,8.09E+09,92.57986946,2.28E+10,92.90456601
368,4.35E+10,8.78E+09,2.43E+10,8.43E+09,95.97949886,2.34E+10,96.30666612
369,4.46E+10,8.88E+09,2.52E+10,8.86E+09,99.71850017,2.52E+10,99.80588678
370,4.72E+10,9.58E+09,2.68E+10,9.23E+09,96.2843127,2.58E+10,96.46658947
371,4.62E+10,9.41E+09,2.62E+10,9.38E+09,99.75547523,2.61E+10,99.76685522
372,4.78E+10,9.66E+09,2.72E+10,9.66E+09,100,2.72E+10,100
373,4.79E+10,9.72E+09,2.73E+10,9.72E+09,100,2.73E+10,100
374,4.87E+10,9.90E+09,2.76E+10,9.51E+09,96.12935826,2.67E+10,96.62746517
375,4.89E+10,9.96E+09,2.78E+10,9.59E+09,96.2159992,2.68E+10,96.4886429
376,4.80E+10,9.82E+09,2.73E+10,9.75E+09,99.31764946,2.72E+10,99.73222801
377,4.94E+10,1.00E+10,2.83E+10,9.76E+09,97.5995199,2.72E+10,96.0282436
378,4.80E+10,9.83E+09,2.73E+10,9.83E+09,100,2.73E+10,100
379,4.81E+10,9.83E+09,2.73E+10,9.77E+09,99.31855167,2.72E+10,99.75077882
380,4.97E+10,1.01E+10,2.85E+10,1.01E+10,100,2.85E+10,100
381,5.05E+10,1.03E+10,2.88E+10,9.90E+09,96.19121648,2.77E+10,96.20872826
382,5.13E+10,1.05E+10,2.94E+10,1.01E+10,96.22300447,2.84E+10,96.5434029
383,5.27E+10,1.10E+10,3.02E+10,1.06E+10,96.28586996,2.91E+10,96.37657181
384,5.38E+10,1.12E+10,3.09E+10,1.08E+10,96.30881437,2.98E+10,96.47878199
385,5.55E+10,1.16E+10,3.19E+10,1.07E+10,92.03898568,2.96E+10,92.83449986
386,5.71E+10,1.18E+10,3.32E+10,1.04E+10,88.74532472,2.93E+10,88.4434531
387,6.11E+10,1.30E+10,3.51E+10,1.15E+10,88.43076923,3.08E+10,87.71624818
388,6.54E+10,1.35E+10,3.80E+10,1.23E+10,91.06771607,3.45E+10,90.92130569
389,6.59E+10,1.34E+10,3.82E+10,1.22E+10,90.40005949,3.43E+10,89.7810219
390,7.16E+10,1.41E+10,4.25E+10,1.28E+10,91.30002132,3.83E+10,90.19289197
391,7.50E+10,1.48E+10,4.40E+10,1.24E+10,83.65118943,3.51E+10,79.74859065
392,7.86E+10,1.63E+10,4.50E+10,1.31E+10,80.08830564,3.36E+10,74.68430414
393,8.67E+10,1.88E+10,4.81E+10,1.42E+10,75.36370394,3.29E+10,68.4764301
394,9.97E+10,2.25E+10,5.33E+10,1.74E+10,77.20326937,3.55E+10,66.57231231
395,1.12E+11,2.56E+10,5.96E+10,1.97E+10,76.88258004,3.75E+10,62.8772754
396,1.15E+11,2.67E+10,5.94E+10,2.17E+10,81.36785394,4.46E+10,75.05174416
397,1.32E+11,3.21E+10,6.57E+10,2.73E+10,84.82859454,5.39E+10,82.01951323
398,1.41E+11,3.46E+10,6.97E+10,3.11E+10,89.96416806,6.08E+10,87.25993972
399,1.48E+11,3.56E+10,7.54E+10,3.36E+10,94.5162741,7.05E+10,93.43999364
400,1.49E+11,3.69E+10,7.46E+10,3.49E+10,94.57231937,6.96E+10,93.28666452
401,1.45E+11,3.58E+10,7.17E+10,3.58E+10,99.96086106,7.17E+10,99.97907658
402,1.45E+11,3.58E+10,7.17E+10,3.57E+10,99.72592013,7.15E+10,99.8228113
403,1.45E+11,3.57E+10,7.15E+10,3.54E+10,99.2624376,7.03E+10,98.26270476
404,1.52E+11,3.74E+10,7.54E+10,3.72E+10,99.26816239,7.50E+10,99.52899031
405,1.51E+11,3.72E+10,7.50E+10,3.69E+10,99.23855136,7.46E+10,99.40411918
406,1.49E+11,3.69E+10,7.46E+10,3.42E+10,92.69311065,7.18E+10,96.2222401
407,1.43E+11,3.44E+10,7.19E+10,3.41E+10,98.93944677,7.09E+10,98.69925712
408,1.49E+11,3.58E+10,7.58E+10,3.55E+10,99.15736607,7.54E+10,99.43426085
409,1.48E+11,3.55E+10,7.54E+10,3.14E+10,88.33642861,6.18E+10,81.99095503
410,1.35E+11,3.32E+10,6.65E+10,2.83E+10,85.44204559,5.45E+10,81.98672706
411,1.35E+11,3.33E+10,6.68E+10,2.36E+10,70.90810876,4.80E+10,71.95118299
412,1.23E+11,2.91E+10,6.29E+10,2.06E+10,70.72048879,4.16E+10,66.15215871
413,1.14E+11,2.59E+10,6.05E+10,2.09E+10,80.78126811,4.23E+10,69.94431685
414,1.06E+11,2.47E+10,5.61E+10,1.89E+10,76.47654131,4.12E+10,73.43488331
415,9.92E+10,2.23E+10,5.31E+10,1.42E+10,63.60014325,3.30E+10,62.01140448
416,8.68E+10,1.89E+10,4.81E+10,1.21E+10,64.18345705,3.13E+10,65.01683082
417,7.77E+10,1.59E+10,4.48E+10,1.23E+10,77.41367382,3.50E+10,78.08625457
418,7.40E+10,1.46E+10,4.37E+10,1.15E+10,78.42896175,3.22E+10,73.78947368
419,6.80E+10,1.39E+10,3.96E+10,1.06E+10,76.27472132,2.77E+10,69.92680464
420,6.06E+10,1.30E+10,3.48E+10,9.71E+09,74.71520936,2.69E+10,77.2732498
421,5.45E+10,1.14E+10,3.14E+10,8.43E+09,74.11806105,2.33E+10,73.97926736
422,4.80E+10,9.81E+09,2.72E+10,5.97E+09,60.8518443,1.66E+10,60.98241492
423,4.11E+10,8.10E+09,2.28E+10,4.47E+09,55.12899642,1.21E+10,53.12335266
424,3.47E+10,6.60E+09,1.85E+10,4.08E+09,61.8413083,1.14E+10,61.50804398
425,3.08E+10,5.81E+09,1.56E+10,3.06E+09,52.7003784,8.47E+09,54.19651996
426,2.76E+10,4.98E+09,1.32E+10,2.62E+09,52.61890427,6.42E+09,48.69868731
427,2.48E+10,5.01E+09,1.05E+10,3.49E+09,69.71268955,6.65E+09,63.28668
428,2.31E+10,4.85E+09,9.38E+09,3.15E+09,64.9629019,5.95E+09,63.41645354
429,2.16E+10,4.53E+09,8.54E+09,2.91E+09,64.11557124,5.49E+09,64.31749005
430,2.11E+10,4.49E+09,8.24E+09,3.49E+09,77.79264214,6.52E+09,79.02717128
431,1.99E+10,4.32E+09,7.75E+09,3.85E+09,89.20796665,6.90E+09,89.09255196
432,1.96E+10,4.32E+09,7.59E+09,4.22E+09,97.47918594,7.39E+09,97.33860343
433,2.01E+10,4.48E+09,7.82E+09,4.48E+09,100,7.82E+09,100
434,2.01E+10,4.48E+09,7.82E+09,4.20E+09,93.74720858,7.37E+09,94.13343558
435,1.98E+10,4.37E+09,7.70E+09,3.90E+09,89.31350114,7.03E+09,91.32129401
436,1.98E+10,4.29E+09,7.71E+09,3.82E+09,89.00023305,6.99E+09,90.72031149
437,2.07E+10,4.45E+09,8.04E+09,3.66E+09,82.38470191,6.73E+09,83.65468342
438,2.05E+10,4.39E+09,8.04E+09,3.97E+09,90.32331512,7.24E+09,90.11071029
439,2.11E+10,4.48E+09,8.25E+09,4.48E+09,100,8.25E+09,100
440,2.16E+10,4.63E+09,8.44E+09,4.41E+09,95.37497298,8.06E+09,95.43838863
441,2.18E+10,4.72E+09,8.49E+09,4.45E+09,94.28329452,8.08E+09,95.19264758
442,2.15E+10,4.65E+09,8.45E+09,4.65E+09,100,8.45E+09,100
443,2.19E+10,4.76E+09,8.56E+09,4.27E+09,89.76460698,7.77E+09,90.77533863
444,2.16E+10,4.58E+09,8.50E+09,4.15E+09,90.61954625,7.73E+09,90.93904448
445,2.24E+10,4.73E+09,8.87E+09,4.31E+09,91.09371695,8.04E+09,90.65989848
446,2.28E+10,4.84E+09,8.98E+09,4.37E+09,90.17138138,8.16E+09,90.90909091
447,2.27E+10,4.76E+09,9.07E+09,4.31E+09,90.48119353,8.22E+09,90.60950072
448,2.28E+10,4.74E+09,9.20E+09,4.55E+09,96.01433994,8.72E+09,94.85589995
449,2.23E+10,4.68E+09,8.98E+09,4.67E+09,99.70091861,8.94E+09,99.51024043
450,2.28E+10,4.77E+09,9.24E+09,4.56E+09,95.60025141,8.84E+09,95.69310681
451,2.41E+10,4.92E+09,9.63E+09,4.50E+09,91.46514936,8.79E+09,91.2885474
452,2.41E+10,4.94E+09,9.79E+09,4.73E+09,95.75156787,9.35E+09,95.53489323
453,2.46E+10,5.04E+09,1.00E+10,4.78E+09,94.76086525,9.58E+09,95.38936467
454,2.47E+10,5.04E+09,1.02E+10,4.77E+09,94.67725919,9.74E+09,95.54639984
455,2.42E+10,4.88E+09,1.00E+10,4.88E+09,100,1.00E+10,100
456,2.42E+10,4.89E+09,1.00E+10,4.80E+09,98.1792144,9.82E+09,97.82738688
457,2.49E+10,5.07E+09,1.03E+10,5.02E+09,99.01400118,1.02E+10,99.01731854
458,2.47E+10,5.02E+09,1.02E+10,4.76E+09,94.70225055,9.73E+09,95.56843864
459,2.42E+10,4.89E+09,1.00E+10,4.89E+09,100,1.00E+10,100
460,2.43E+10,4.91E+09,1.01E+10,4.87E+09,99.36799185,1.00E+10,99.55232789
461,2.46E+10,4.96E+09,1.02E+10,4.96E+09,100,1.02E+10,100
462,2.52E+10,5.08E+09,1.05E+10,4.83E+09,95.08261212,1.00E+10,95.55894406
463,2.42E+10,4.87E+09,1.01E+10,4.85E+09,99.48707427,1.01E+10,99.42631058
464,2.49E+10,4.99E+09,1.05E+10,4.77E+09,95.53464157,1.00E+10,95.56424688
465,2.54E+10,5.08E+09,1.07E+10,4.84E+09,95.19685039,1.02E+10,95.56179775
466,2.50E+10,5.02E+09,1.05E+10,5.01E+09,99.70143312,1.05E+10,99.74400303
467,2.49E+10,5.01E+09,1.05E+10,4.98E+09,99.46097025,1.05E+10,99.66730038
468,2.56E+10,5.10E+09,1.09E+10,5.10E+09,100,1.09E+10,100
469,2.58E+10,5.14E+09,1.10E+10,5.03E+09,97.78166959,1.06E+10,96.14720582
470,2.52E+10,5.05E+09,1.06E+10,5.03E+09,99.64363492,1.06E+10,99.53847603
471,2.50E+10,5.03E+09,1.06E+10,5.01E+09,99.62249156,1.05E+10,99.73504921
472,2.60E+10,5.21E+09,1.11E+10,4.90E+09,94.14024976,1.07E+10,95.92002162
473,2.64E+10,5.26E+09,1.13E+10,4.18E+09,79.5739825,1.01E+10,88.63035431
474,2.64E+10,4.92E+09,1.18E+10,4.04E+09,82.09713473,9.98E+09,84.79775663
475,2.70E+10,5.07E+09,1.26E+10,3.94E+09,77.63106031,1.01E+10,80.7321926
476,2.86E+10,5.23E+09,1.39E+10,3.95E+09,75.40607682,1.08E+10,77.97245656
477,3.08E+10,5.82E+09,1.55E+10,4.20E+09,72.14494247,1.17E+10,75.76324792
478,3.22E+10,6.05E+09,1.70E+10,4.89E+09,80.90277778,1.40E+10,82.05173427
479,3.65E+10,6.97E+09,1.98E+10,5.83E+09,83.69456007,1.63E+10,82.59111358
480,4.06E+10,7.91E+09,2.24E+10,6.53E+09,82.57901391,1.85E+10,82.61277775
481,4.24E+10,8.43E+09,2.38E+10,7.57E+09,89.77703985,2.12E+10,89.31953036
482,4.82E+10,9.79E+09,2.74E+10,8.76E+09,89.48820104,2.46E+10,89.58546198
483,5.13E+10,1.05E+10,2.94E+10,9.41E+09,89.53477309,2.64E+10,89.57922643
484,5.28E+10,1.11E+10,3.03E+10,1.06E+10,95.78928346,2.91E+10,96.05645908
485,5.61E+10,1.16E+10,3.24E+10,1.11E+10,95.78120956,3.13E+10,96.47040691
486,5.48E+10,1.13E+10,3.17E+10,1.13E+10,100,3.17E+10,100
487,5.48E+10,1.13E+10,3.17E+10,1.13E+10,100,3.17E+10,100
488,5.49E+10,1.13E+10,3.18E+10,1.12E+10,98.62433862,3.15E+10,99.00843616
489,5.64E+10,1.17E+10,3.26E+10,1.12E+10,95.57954253,3.07E+10,94.21832347
490,5.56E+10,1.16E+10,3.19E+10,1.08E+10,92.48967653,2.96E+10,92.8233562
491,5.35E+10,1.12E+10,3.07E+10,9.17E+09,82.14317713,2.58E+10,83.85101257
492,4.87E+10,9.93E+09,2.78E+10,7.60E+09,76.53873275,2.16E+10,77.47207356
493,4.60E+10,9.14E+09,2.60E+10,7.59E+09,83.00524934,2.11E+10,81.33903134
494,4.12E+10,8.22E+09,2.28E+10,7.72E+09,93.96446824,2.17E+10,94.90515617
495,4.08E+10,8.13E+09,2.26E+10,8.04E+09,98.88027562,2.24E+10,99.17992819
496,4.21E+10,8.33E+09,2.32E+10,8.01E+09,96.19447779,2.23E+10,96.10965271
497,4.15E+10,8.29E+09,2.30E+10,8.11E+09,97.87619163,2.25E+10,97.87548334
498,4.09E+10,8.15E+09,2.26E+10,7.91E+09,97.10393913,2.21E+10,97.96821743
499,4.15E+10,8.20E+09,2.30E+10,7.75E+09,94.53725155,2.20E+10,95.62529926
500,3.98E+10,7.80E+09,2.20E+10,7.57E+09,96.99961534,2.14E+10,97.34762467
501,4.01E+10,7.88E+09,2.22E+10,7.18E+09,91.2,2.01E+10,90.49139055
502,3.96E+10,7.80E+09,2.18E+10,6.82E+09,87.44227809,1.91E+10,87.84510083
503,3.78E+10,7.31E+09,2.06E+10,5.99E+09,81.97483589,1.69E+10,81.73230635
504,3.53E+10,6.75E+09,1.90E+10,5.28E+09,78.21576763,1.51E+10,79.55192409
505,3.32E+10,6.25E+09,1.76E+10,4.56E+09,72.93100688,1.31E+10,74.24337062
506,3.08E+10,5.76E+09,1.59E+10,4.22E+09,73.24188227,1.11E+10,69.98108449
507,2.92E+10,5.52E+09,1.42E+10,4.15E+09,75.28089888,1.11E+10,78.47183099
508,2.77E+10,5.06E+09,1.33E+10,4.17E+09,82.40063279,1.06E+10,80.05732388
509,2.62E+10,4.93E+09,1.21E+10,4.45E+09,90.27805967,1.11E+10,91.55870946
510,2.64E+10,4.93E+09,1.21E+10,4.79E+09,97.18052738,1.18E+10,97.61373958
511,2.59E+10,4.82E+09,1.19E+10,4.80E+09,99.52292056,1.18E+10,99.6209888
512,2.68E+10,5.03E+09,1.23E+10,4.53E+09,90.00198768,1.13E+10,91.67749269
513,2.62E+10,4.93E+09,1.21E+10,4.33E+09,87.90829783,1.11E+10,91.40148392
514,2.76E+10,4.97E+09,1.32E+10,4.29E+09,86.26307321,1.16E+10,87.91008505
515,2.88E+10,5.28E+09,1.40E+10,4.53E+09,85.790072,1.22E+10,87.76153626
516,2.93E+10,5.54E+09,1.44E+10,4.83E+09,87.10958657,1.27E+10,88.39936169
517,2.92E+10,5.50E+09,1.47E+10,5.20E+09,94.53025622,1.40E+10,95.52848295
518,3.11E+10,5.87E+09,1.58E+10,5.27E+09,89.77505112,1.46E+10,92.3466481
519,3.12E+10,5.81E+09,1.62E+10,5.53E+09,95.19876097,1.56E+10,96.01726264
520,3.21E+10,6.02E+09,1.67E+10,5.43E+09,90.2625457,1.54E+10,92.25070204
521,3.19E+10,5.97E+09,1.68E+10,5.96E+09,99.73212791,1.68E+10,99.77364784
522,3.34E+10,6.30E+09,1.76E+10,6.02E+09,95.57353641,1.69E+10,96.49182755
523,3.24E+10,6.09E+09,1.71E+10,6.01E+09,98.63778106,1.69E+10,98.71630295
524,3.34E+10,6.28E+09,1.75E+10,6.17E+09,98.23360917,1.73E+10,98.6882628
525,3.29E+10,6.17E+09,1.73E+10,5.91E+09,95.78810951,1.67E+10,96.37656033
526,3.18E+10,5.93E+09,1.67E+10,5.56E+09,93.72681282,1.58E+10,94.30023923
527,3.15E+10,5.90E+09,1.64E+10,5.71E+09,96.66327913,1.59E+10,97.01320032
528,3.19E+10,5.98E+09,1.66E+10,5.65E+09,94.36831551,1.58E+10,95.07940327
529,3.17E+10,5.93E+09,1.65E+10,5.22E+09,87.98449612,1.44E+10,87.2823251
530,3.07E+10,5.79E+09,1.56E+10,4.79E+09,82.68532919,1.28E+10,82.39902395
531,2.94E+10,5.55E+09,1.46E+10,4.13E+09,74.54020916,1.11E+10,76.35065559
532,2.85E+10,5.22E+09,1.37E+10,3.69E+09,70.70552147,9.51E+09,69.40755873
533,2.67E+10,4.99E+09,1.22E+10,3.12E+09,62.59771497,7.27E+09,59.3627451
534,2.44E+10,4.90E+09,1.02E+10,3.45E+09,70.50653595,6.54E+09,64.21766035
535,2.30E+10,4.78E+09,9.29E+09,3.61E+09,75.56532663,6.81E+09,73.31466724
536,2.18E+10,4.58E+09,8.59E+09,3.84E+09,84.02185792,7.06E+09,82.24473163
537,2.17E+10,4.68E+09,8.48E+09,4.22E+09,90.27362121,7.66E+09,90.31003183
538,2.16E+10,4.68E+09,8.41E+09,4.37E+09,93.42161469,8.02E+09,95.35077289
539,2.15E+10,4.59E+09,8.41E+09,4.46E+09,97.21011334,8.19E+09,97.4432156
540,2.10E+10,4.46E+09,8.19E+09,4.36E+09,97.73542601,7.97E+09,97.29070051
541,2.15E+10,4.61E+09,8.42E+09,4.36E+09,94.49382181,7.97E+09,94.6456132
542,2.10E+10,4.46E+09,8.20E+09,4.33E+09,97.10956756,7.92E+09,96.65731365
543,2.14E+10,4.58E+09,8.37E+09,4.30E+09,93.88913138,7.95E+09,94.98147927
544,2.12E+10,4.52E+09,8.35E+09,4.27E+09,94.46412755,7.84E+09,93.91398107
545,2.11E+10,4.49E+09,8.26E+09,4.24E+09,94.3035158,7.80E+09,94.5130814
546,2.10E+10,4.45E+09,8.20E+09,4.29E+09,96.38527167,7.85E+09,95.75506221
547,2.02E+10,4.32E+09,7.89E+09,4.29E+09,99.32854828,7.85E+09,99.5308141
548,2.09E+10,4.43E+09,8.17E+09,4.22E+09,95.21336645,7.80E+09,95.47012733
549,2.15E+10,4.58E+09,8.39E+09,4.15E+09,90.71444177,7.62E+09,90.81377338
550,2.11E+10,4.53E+09,8.29E+09,4.12E+09,90.79876434,7.54E+09,91.02208278
551,2.10E+10,4.48E+09,8.19E+09,4.01E+09,89.37737112,7.43E+09,90.75589205
552,2.15E+10,4.63E+09,8.43E+09,4.13E+09,89.21018558,7.65E+09,90.77324478
553,2.20E+10,4.62E+09,8.72E+09,4.21E+09,91.13130002,7.91E+09,90.71526823
554,2.25E+10,4.77E+09,8.84E+09,4.31E+09,90.3963095,8.05E+09,90.96562641
555,2.26E+10,4.78E+09,8.94E+09,4.51E+09,94.37120737,8.51E+09,95.23329977
556,2.29E+10,4.79E+09,9.16E+09,4.54E+09,94.74123539,8.66E+09,94.62588749
557,2.31E+10,4.82E+09,9.27E+09,4.24E+09,87.90205437,8.06E+09,86.95277119
558,2.31E+10,4.73E+09,9.17E+09,4.32E+09,91.30342785,8.36E+09,91.18961945
559,2.43E+10,4.99E+09,9.86E+09,4.55E+09,91.35406219,9.01E+09,91.38018457
560,2.49E+10,5.08E+09,1.03E+10,4.73E+09,93.06677172,9.62E+09,93.56406766
561,2.98E+10,6.39E+09,1.27E+10,5.95E+09,93.12451057,1.18E+10,93.37330388
562,3.07E+10,6.51E+09,1.31E+10,5.81E+09,89.26432192,1.19E+10,90.80521063
563,3.18E+10,6.75E+09,1.38E+10,5.18E+09,76.71111111,1.21E+10,87.72261394
564,3.07E+10,6.11E+09,1.41E+10,5.32E+09,87.19292499,1.26E+10,89.87332764
565,3.27E+10,6.28E+09,1.54E+10,5.40E+09,86.07615103,1.33E+10,86.58362528
566,3.37E+10,6.62E+09,1.62E+10,5.71E+09,86.19335347,1.41E+10,87.14665677
567,3.53E+10,7.02E+09,1.74E+10,5.98E+09,85.15880929,1.52E+10,87.27805551
568,3.66E+10,7.28E+09,1.86E+10,6.29E+09,86.42857143,1.64E+10,87.90153912
569,3.92E+10,7.78E+09,2.04E+10,6.15E+09,79.05092593,1.60E+10,78.46364883
570,4.17E+10,8.44E+09,2.22E+10,7.44E+09,88.1412155,1.93E+10,86.91964084
571,4.55E+10,9.44E+09,2.45E+10,8.88E+09,94.05720339,2.29E+10,93.68313597
572,4.81E+10,1.02E+10,2.57E+10,9.25E+09,90.87871044,2.33E+10,90.48526324
573,5.07E+10,1.07E+10,2.78E+10,1.00E+10,93.76462878,2.61E+10,94.04474547
574,5.18E+10,1.10E+10,2.84E+10,1.09E+10,98.94860872,2.82E+10,99.30389537
575,5.30E+10,1.13E+10,2.91E+10,1.10E+10,98.08922858,2.87E+10,98.51571895
576,5.20E+10,1.10E+10,2.87E+10,9.93E+09,89.9519797,2.53E+10,88.20841907
577,4.99E+10,1.06E+10,2.70E+10,8.50E+09,80.38381547,2.18E+10,80.95661846
578,4.65E+10,9.67E+09,2.49E+10,6.67E+09,69.00796524,1.69E+10,67.94049242
579,4.15E+10,8.35E+09,2.18E+10,5.19E+09,62.1032459,1.35E+10,62.08098317
580,3.69E+10,7.30E+09,1.87E+10,3.78E+09,51.76809211,9.30E+09,49.83662756
581,3.14E+10,6.06E+09,1.47E+10,3.08E+09,50.841862,6.92E+09,47.0528248
582,2.87E+10,6.22E+09,1.20E+10,4.35E+09,69.91150442,7.76E+09,64.82626128
583,2.74E+10,6.04E+09,1.11E+10,5.50E+09,91.04452905,9.94E+09,89.85271528
584,2.68E+10,5.95E+09,1.07E+10,5.72E+09,96.13510334,1.03E+10,96.22166247
585,2.63E+10,5.82E+09,1.05E+10,5.59E+09,96.13335625,1.01E+10,96.22012758
586,2.75E+10,6.08E+09,1.11E+10,5.42E+09,89.2545664,9.96E+09,89.50584007
587,2.79E+10,6.13E+09,1.14E+10,5.56E+09,90.60971634,1.03E+10,89.75366876
588,2.86E+10,6.24E+09,1.17E+10,5.80E+09,92.91325958,1.10E+10,93.41679441
589,2.97E+10,6.44E+09,1.24E+10,5.54E+09,86.02050326,1.07E+10,86.81336461
590,2.97E+10,6.32E+09,1.27E+10,5.63E+09,89.13697546,1.15E+10,90.49988154
591,3.14E+10,6.68E+09,1.36E+10,5.34E+09,80.04793289,1.24E+10,90.67175125
592,3.14E+10,6.23E+09,1.43E+10,5.47E+09,87.78098908,1.29E+10,90.21601908
593,3.21E+10,6.22E+09,1.49E+10,5.50E+09,88.36387014,1.34E+10,89.70735954
594,3.18E+10,6.17E+09,1.51E+10,5.96E+09,96.59588264,1.45E+10,96.4527251
595,3.34E+10,6.50E+09,1.59E+10,6.25E+09,96.03321033,1.54E+10,96.65934066
596,3.37E+10,6.62E+09,1.62E+10,6.36E+09,96.0114821,1.56E+10,96.5416976
597,3.28E+10,6.44E+09,1.58E+10,6.40E+09,99.31677019,1.57E+10,99.51129728
598,3.39E+10,6.66E+09,1.62E+10,6.57E+09,98.60423233,1.61E+10,98.80571288
599,3.35E+10,6.57E+09,1.61E+10,6.57E+09,99.9695586,1.60E+10,99.99376947
600,3.35E+10,6.57E+09,1.60E+10,6.30E+09,95.96528624,1.55E+10,96.54807153
601,3.27E+10,6.41E+09,1.57E+10,6.41E+09,99.92200905,1.57E+10,99.96181992
603,3.47E+10,6.89E+09,1.68E+10,6.66E+09,96.63182346,1.62E+10,96.82397807
604,3.51E+10,7.01E+09,1.71E+10,6.75E+09,96.27727856,1.66E+10,96.71978054
605,3.50E+10,6.95E+09,1.72E+10,6.95E+09,100,1.72E+10,100
606,3.50E+10,6.96E+09,1.73E+10,6.96E+09,100,1.73E+10,100
607,3.55E+10,7.06E+09,1.75E+10,6.77E+09,95.9047754,1.69E+10,96.78101772
608,3.59E+10,7.14E+09,1.78E+10,6.59E+09,92.31092437,1.67E+10,93.59132779
609,3.60E+10,7.11E+09,1.83E+10,6.82E+09,95.81048784,1.77E+10,96.60433071
610,3.71E+10,7.39E+09,1.89E+10,7.13E+09,96.54845696,1.83E+10,96.81053634
611,3.73E+10,7.43E+09,1.91E+10,7.39E+09,99.44788581,1.91E+10,99.69135802
612,3.72E+10,7.39E+09,1.91E+10,7.09E+09,96.04603927,1.82E+10,95.55019153
613,3.70E+10,7.35E+09,1.88E+10,6.89E+09,93.62251836,1.78E+10,94.86470682
614,3.64E+10,7.19E+09,1.85E+10,6.63E+09,92.27987203,1.68E+10,90.71328066
615,3.61E+10,7.17E+09,1.79E+10,6.41E+09,89.30712394,1.59E+10,88.77528215
616,3.48E+10,6.93E+09,1.70E+10,5.64E+09,81.4312509,1.40E+10,82.7769258
617,3.25E+10,6.33E+09,1.56E+10,4.89E+09,77.26196116,1.17E+10,74.69408674
618,3.17E+10,6.25E+09,1.46E+10,4.24E+09,67.91486638,9.80E+09,66.9879024
619,3.04E+10,6.44E+09,1.30E+10,4.19E+09,65.05668582,7.62E+09,58.50026863
620,2.77E+10,6.05E+09,1.13E+10,3.78E+09,62.40912095,6.83E+09,60.60337178
621,2.56E+10,5.74E+09,1.02E+10,3.48E+09,60.65145445,6.40E+09,62.81673542
622,2.41E+10,5.40E+09,9.57E+09,3.51E+09,65.03613118,6.40E+09,66.92452436
623,2.41E+10,5.60E+09,9.70E+09,3.79E+09,67.69698053,6.31E+09,65.04844362
624,2.39E+10,5.78E+09,9.46E+09,4.01E+09,69.32918396,6.48E+09,68.47389558
625,2.49E+10,6.19E+09,9.58E+09,4.56E+09,73.6791081,7.13E+09,74.36352254
626,2.65E+10,6.66E+09,9.89E+09,5.35E+09,80.33328329,7.63E+09,77.17435275
627,2.76E+10,6.95E+09,1.00E+10,5.66E+09,81.45962286,8.06E+09,80.33506183
628,2.79E+10,7.18E+09,1.00E+10,6.32E+09,88.07467261,8.47E+09,84.66460062
629,2.76E+10,7.24E+09,9.61E+09,6.74E+09,93.09010503,8.66E+09,90.11240633
630,2.75E+10,7.33E+09,9.39E+09,7.14E+09,97.31314785,9.14E+09,97.29585862
631,2.78E+10,7.44E+09,9.48E+09,7.13E+09,95.75497045,9.14E+09,96.35175032
632,2.74E+10,7.31E+09,9.38E+09,7.01E+09,95.95019839,9.01E+09,96.01321821
633,2.83E+10,7.46E+09,9.82E+09,7.15E+09,95.89647311,9.43E+09,95.99918558
634,2.85E+10,7.44E+09,9.96E+09,6.81E+09,91.53339605,9.18E+09,92.22657427
635,2.71E+10,7.07E+09,9.59E+09,6.75E+09,95.39157478,9.19E+09,95.75776527
636,2.79E+10,7.19E+09,1.00E+10,6.53E+09,90.75104312,9.21E+09,91.93129619
637,2.70E+10,6.84E+09,9.74E+09,6.51E+09,95.20117045,9.34E+09,95.85258187
638,2.77E+10,6.97E+09,1.00E+10,6.34E+09,90.91952374,9.20E+09,91.54887517
639,2.66E+10,6.64E+09,9.62E+09,6.38E+09,96.17296972,9.20E+09,95.60245348
640,2.72E+10,6.85E+09,9.86E+09,6.26E+09,91.43190775,8.99E+09,91.16812006
641,2.62E+10,6.64E+09,9.50E+09,6.02E+09,90.75022597,8.70E+09,91.54736842
642,2.65E+10,6.70E+09,9.77E+09,5.83E+09,87.08569722,8.58E+09,87.76867963
643,2.58E+10,6.52E+09,9.63E+09,6.21E+09,95.27389903,9.25E+09,96.06560781
644,2.59E+10,6.50E+09,9.70E+09,6.25E+09,96.04858549,9.37E+09,96.55670103
645,2.51E+10,6.31E+09,9.48E+09,6.29E+09,99.66724766,9.44E+09,99.55714888
646,2.50E+10,6.29E+09,9.44E+09,6.24E+09,99.18918919,9.36E+09,99.15272188
647,2.59E+10,6.50E+09,9.70E+09,6.49E+09,99.84615385,9.69E+09,99.92780528
648,2.58E+10,6.49E+09,9.69E+09,6.49E+09,100,9.69E+09,100
649,2.59E+10,6.50E+09,9.70E+09,6.50E+09,100,9.70E+09,100
650,2.60E+10,6.53E+09,9.74E+09,6.53E+09,100,9.74E+09,100
651,2.60E+10,6.54E+09,9.76E+09,6.27E+09,95.93209971,9.42E+09,96.49661955
652,2.50E+10,6.29E+09,9.45E+09,6.29E+09,99.9682136,9.44E+09,99.93650794
653,2.55E+10,6.39E+09,9.63E+09,6.06E+09,94.86858573,9.26E+09,96.08596346
654,2.54E+10,6.33E+09,9.60E+09,6.04E+09,95.45167404,9.24E+09,96.22032486
655,2.55E+10,6.35E+09,9.70E+09,6.07E+09,95.5604534,9.32E+09,96.09238066
656,2.46E+10,6.16E+09,9.43E+09,5.87E+09,95.29449943,9.06E+09,96.01357082
657,2.48E+10,6.15E+09,9.43E+09,5.70E+09,92.62028609,8.72E+09,92.47003924
658,2.60E+10,6.55E+09,9.77E+09,6.09E+09,93.09396486,9.12E+09,93.3640553
659,2.54E+10,6.40E+09,9.50E+09,6.02E+09,94.125,9.06E+09,95.35593934
660,2.65E+10,6.64E+09,9.86E+09,6.32E+09,95.25530953,9.51E+09,96.39091646
661,2.56E+10,6.43E+09,9.61E+09,6.13E+09,95.27289691,9.15E+09,95.27477102
662,2.62E+10,6.62E+09,9.80E+09,5.74E+09,86.78048044,8.74E+09,89.23249643
663,2.55E+10,6.35E+09,9.63E+09,5.30E+09,83.38582677,8.20E+09,85.15941427
664,2.48E+10,6.15E+09,9.56E+09,5.07E+09,82.44473342,8.13E+09,85.00156887
665,2.41E+10,5.97E+09,9.42E+09,5.40E+09,90.46102263,8.72E+09,92.54697951
666,2.41E+10,5.86E+09,9.57E+09,5.59E+09,95.50887978,9.12E+09,95.37898589
667,2.41E+10,5.84E+09,9.52E+09,5.58E+09,95.59931507,9.11E+09,95.72434079
668,2.40E+10,5.83E+09,9.51E+09,5.58E+09,95.81331503,9.16E+09,96.28889823
669,2.41E+10,5.80E+09,9.50E+09,5.54E+09,95.48120041,9.13E+09,96.10690236
670,2.42E+10,5.75E+09,9.51E+09,5.50E+09,95.70285317,9.10E+09,95.63800715
671,2.38E+10,5.69E+09,9.40E+09,5.51E+09,96.86895339,9.11E+09,96.98840055
672,2.42E+10,5.76E+09,9.53E+09,5.41E+09,93.95518499,8.90E+09,93.43058033
673,2.34E+10,5.67E+09,9.27E+09,5.46E+09,96.27603247,8.95E+09,96.54800431
674,2.35E+10,5.70E+09,9.31E+09,5.67E+09,99.61376404,9.26E+09,99.52713595
675,2.34E+10,5.67E+09,9.26E+09,5.66E+09,99.80613324,9.25E+09,99.8920203
676,2.40E+10,5.81E+09,9.50E+09,5.57E+09,95.82043344,9.15E+09,96.31384939
677,2.43E+10,5.82E+09,9.56E+09,5.08E+09,87.26147499,8.42E+09,88.03597574
678,2.38E+10,5.65E+09,9.45E+09,4.91E+09,86.90033634,8.28E+09,87.63366861
679,2.41E+10,5.67E+09,9.63E+09,4.69E+09,82.63705271,8.17E+09,84.79028239
680,2.38E+10,5.43E+09,9.51E+09,4.56E+09,84.11352746,8.10E+09,85.12248975
681,2.34E+10,5.31E+09,9.35E+09,4.63E+09,87.18190386,8.32E+09,88.91264835
682,2.46E+10,5.55E+09,9.72E+09,4.63E+09,83.34233748,8.38E+09,86.13596627
683,2.47E+10,5.47E+09,9.76E+09,4.66E+09,85.2183446,8.40E+09,86.08463982
684,2.57E+10,5.69E+09,1.02E+10,4.63E+09,81.37409946,8.49E+09,83.52513032
685,2.64E+10,5.89E+09,1.05E+10,4.87E+09,82.66259127,8.78E+09,83.28114622
686,2.72E+10,6.03E+09,1.09E+10,5.02E+09,83.30290456,9.08E+09,82.97386218
687,2.85E+10,6.17E+09,1.15E+10,4.98E+09,80.64463881,9.21E+09,80.10084326
688,2.97E+10,6.36E+09,1.26E+10,5.28E+09,83.07910049,1.06E+10,84.1767132
689,3.09E+10,6.58E+09,1.34E+10,5.45E+09,82.83718104,1.25E+10,93.71351594
690,3.14E+10,6.16E+09,1.42E+10,5.93E+09,96.32997727,1.37E+10,96.69695049
691,3.18E+10,6.31E+09,1.44E+10,6.05E+09,95.81815302,1.40E+10,96.65396605
692,3.06E+10,6.09E+09,1.40E+10,6.03E+09,98.9978643,1.39E+10,99.12349462
693,3.17E+10,6.29E+09,1.44E+10,6.25E+09,99.33216728,1.43E+10,99.43683515
694,3.15E+10,6.25E+09,1.43E+10,6.02E+09,96.39827117,1.39E+10,97.22416445
695,3.06E+10,6.04E+09,1.39E+10,5.75E+09,95.22783761,1.32E+10,94.77542221
696,3.03E+10,5.97E+09,1.37E+10,5.57E+09,93.26745939,1.29E+10,94.25119004
697,3.17E+10,6.72E+09,1.37E+10,5.87E+09,87.3641911,1.21E+10,88.01399825
698,2.99E+10,6.33E+09,1.29E+10,5.52E+09,87.19608462,1.08E+10,83.93023256
699,2.96E+10,6.40E+09,1.24E+10,5.47E+09,85.59812353,1.03E+10,82.98129636
700,2.81E+10,6.12E+09,1.15E+10,5.29E+09,86.51520105,9.71E+09,84.60801394
701,2.77E+10,6.05E+09,1.13E+10,5.24E+09,86.62367725,9.64E+09,85.67620402
702,2.68E+10,5.92E+09,1.08E+10,5.17E+09,87.4112876,9.41E+09,87.32015223
703,2.63E+10,5.82E+09,1.05E+10,5.27E+09,90.58095565,9.60E+09,91.29649006
704,2.58E+10,5.72E+09,1.03E+10,5.28E+09,92.30769231,9.55E+09,92.56422685
705,2.58E+10,5.80E+09,1.03E+10,5.23E+09,90.12239269,9.47E+09,92.20058423
706,2.56E+10,5.69E+09,1.01E+10,5.26E+09,92.42796908,9.41E+09,92.69662921
707,2.47E+10,5.47E+09,9.78E+09,5.18E+09,94.75415829,9.29E+09,94.97035371
708,2.55E+10,5.64E+09,1.00E+10,5.23E+09,92.69762496,9.41E+09,93.83848455
709,2.47E+10,5.45E+09,9.78E+09,4.83E+09,88.6134068,8.71E+09,89.04683984
710,2.47E+10,5.52E+09,9.72E+09,4.74E+09,85.85913453,8.52E+09,87.58613597
711,2.40E+10,5.42E+09,9.51E+09,4.17E+09,76.910299,7.47E+09,78.55715638
712,2.39E+10,5.46E+09,9.54E+09,3.86E+09,70.83409716,6.57E+09,68.83716053
713,2.38E+10,5.69E+09,9.40E+09,4.00E+09,70.27787548,6.38E+09,67.84422217
714,2.44E+10,6.08E+09,9.45E+09,4.10E+09,67.37413623,6.42E+09,67.98305982
715,2.65E+10,6.64E+09,9.88E+09,4.61E+09,69.39298087,6.64E+09,67.27088608
716,2.79E+10,7.02E+09,1.01E+10,5.59E+09,79.65522154,7.64E+09,75.70324881
717,2.82E+10,7.38E+09,9.89E+09,6.84E+09,92.7100271,8.99E+09,90.97713939
718,2.81E+10,7.43E+09,9.74E+09,7.40E+09,99.54258038,9.67E+09,99.30163295
719,2.79E+10,7.40E+09,9.67E+09,7.10E+09,95.89133667,9.29E+09,96.11128348
720,2.74E+10,7.24E+09,9.53E+09,6.93E+09,95.77231279,9.14E+09,95.83508183
721,2.82E+10,7.38E+09,9.89E+09,6.46E+09,87.46612466,8.74E+09,88.35845049
722,2.77E+10,7.15E+09,9.96E+09,5.90E+09,82.61964736,8.39E+09,84.24327579
723,2.75E+10,6.88E+09,9.95E+09,5.26E+09,76.42099142,7.55E+09,75.95776772
724,2.56E+10,6.50E+09,9.40E+09,4.90E+09,75.33825338,7.28E+09,77.43273423
725,2.53E+10,6.31E+09,9.57E+09,4.77E+09,75.4950103,7.47E+09,78.05056415
726,2.43E+10,6.05E+09,9.42E+09,4.77E+09,78.81341927,7.66E+09,81.34819533
727,2.38E+10,5.78E+09,9.44E+09,4.87E+09,84.36634349,7.99E+09,84.71810089
728,2.34E+10,5.59E+09,9.25E+09,5.08E+09,90.94650206,8.47E+09,91.5450319
729,2.42E+10,5.78E+09,9.63E+09,5.27E+09,91.11187965,8.82E+09,91.59227735
730,2.40E+10,5.63E+09,9.58E+09,5.35E+09,94.88817891,9.17E+09,95.78200042
731,2.40E+10,5.59E+09,9.58E+09,5.31E+09,94.97406546,9.20E+09,96.10484545
732,2.32E+10,5.40E+09,9.34E+09,5.31E+09,98.36946452,9.20E+09,98.51098018
733,2.40E+10,5.59E+09,9.57E+09,5.21E+09,93.16514582,8.83E+09,92.32859532
734,2.42E+10,5.77E+09,9.64E+09,5.28E+09,91.59299705,8.83E+09,91.53790314
735,2.32E+10,5.52E+09,9.23E+09,5.23E+09,94.7454249,8.69E+09,94.08706953
736,2.41E+10,5.77E+09,9.48E+09,5.53E+09,95.82032605,9.13E+09,96.35999156
737,2.43E+10,5.77E+09,9.55E+09,5.58E+09,96.74176776,9.25E+09,96.85798073
738,2.34E+10,5.59E+09,9.27E+09,5.53E+09,98.87258411,9.09E+09,98.06820635
739,2.40E+10,5.78E+09,9.45E+09,5.59E+09,96.55947441,9.16E+09,96.93154164
740,2.41E+10,5.83E+09,9.52E+09,5.44E+09,93.34590979,8.85E+09,93.01103521
741,2.44E+10,5.94E+09,9.68E+09,5.10E+09,85.91406908,8.16E+09,84.31332024
742,2.47E+10,6.16E+09,9.53E+09,4.82E+09,78.2432213,7.56E+09,79.2908099
743,2.55E+10,6.36E+09,9.66E+09,4.91E+09,77.20125786,7.30E+09,75.55141348
744,2.57E+10,6.51E+09,9.41E+09,5.49E+09,84.21618302,7.85E+09,83.38291543
745,2.72E+10,6.84E+09,9.87E+09,6.34E+09,92.68578116,9.20E+09,93.26172865
746,2.77E+10,6.97E+09,1.00E+10,6.94E+09,99.5697074,1.00E+10,99.5919586
747,2.76E+10,6.94E+09,1.00E+10,6.94E+09,100,1.00E+10,100
748,2.78E+10,6.98E+09,1.01E+10,6.98E+09,100,1.01E+10,100
749,2.78E+10,6.99E+09,1.01E+10,6.93E+09,99.14138523,9.99E+09,99.22496025
750,2.75E+10,6.93E+09,9.99E+09,6.90E+09,99.52367206,9.95E+09,99.66953735
751,2.74E+10,6.90E+09,9.95E+09,6.90E+09,100,9.95E+09,100
752,2.78E+10,7.00E+09,1.01E+10,6.65E+09,95.08220157,9.63E+09,95.61116076
753,2.68E+10,6.73E+09,9.74E+09,6.63E+09,98.60223048,9.60E+09,98.6440678
754,2.77E+10,6.97E+09,1.00E+10,6.97E+09,100,1.00E+10,100
755,2.80E+10,7.04E+09,1.01E+10,6.40E+09,90.89488636,9.30E+09,91.67570766
756,2.76E+10,6.94E+09,1.00E+10,6.13E+09,88.234447,8.72E+09,87.10773536
757,2.66E+10,6.76E+09,9.69E+09,5.89E+09,87.12065137,8.48E+09,87.59033657
758,2.63E+10,6.60E+09,9.80E+09,5.48E+09,82.96969697,8.36E+09,85.24941344
759,2.54E+10,6.39E+09,9.62E+09,5.29E+09,82.81910728,8.19E+09,85.17209109
760,2.48E+10,6.16E+09,9.51E+09,5.10E+09,82.82975958,8.05E+09,84.59678267
761,2.39E+10,5.96E+09,9.25E+09,4.91E+09,82.3598523,7.83E+09,84.65030807
762,2.35E+10,5.70E+09,9.32E+09,5.02E+09,87.96702333,8.28E+09,88.78995924
763,2.41E+10,5.72E+09,9.48E+09,4.99E+09,87.15708544,8.31E+09,87.64104186
764,2.37E+10,5.66E+09,9.46E+09,4.91E+09,86.81978799,8.30E+09,87.70613108
765,2.33E+10,5.43E+09,9.33E+09,4.72E+09,86.84210526,8.26E+09,88.52792967
766,2.42E+10,5.54E+09,9.63E+09,4.67E+09,84.16020206,8.21E+09,85.22904332
767,2.42E+10,5.44E+09,9.60E+09,4.75E+09,87.25202057,8.56E+09,89.12952936
768,2.47E+10,5.57E+09,9.73E+09,4.87E+09,87.4393531,8.69E+09,89.29525375
769,2.48E+10,5.53E+09,9.79E+09,4.86E+09,87.95224313,8.77E+09,89.58226943
770,2.53E+10,5.59E+09,9.96E+09,4.94E+09,88.42368939,8.87E+09,89.07081868
771,2.48E+10,5.52E+09,9.85E+09,5.05E+09,91.57303371,9.17E+09,93.07684499
772,2.56E+10,5.74E+09,1.02E+10,5.50E+09,95.76581286,9.83E+09,96.58086068
773,2.64E+10,5.91E+09,1.05E+10,5.40E+09,91.43389199,9.73E+09,92.86259542
774,2.62E+10,5.83E+09,1.05E+10,5.58E+09,95.78044597,1.01E+10,96.39002961
775,2.68E+10,5.94E+09,1.07E+10,5.73E+09,96.42977433,1.03E+10,96.55558667
776,2.69E+10,6.00E+09,1.08E+10,5.75E+09,95.81666667,1.03E+10,95.98069247
777,2.68E+10,5.96E+09,1.07E+10,5.73E+09,96.12611102,1.03E+10,96.28526208
778,2.68E+10,5.93E+09,1.08E+10,5.93E+09,100,1.08E+10,100
779,2.72E+10,6.03E+09,1.10E+10,5.96E+09,98.70711089,1.08E+10,98.67676583
780,2.69E+10,5.96E+09,1.08E+10,5.79E+09,97.17884131,1.04E+10,96.38398224
781,2.71E+10,6.02E+09,1.08E+10,5.79E+09,96.24522346,1.04E+10,96.147806
782,2.71E+10,6.05E+09,1.08E+10,5.63E+09,93.02594612,1.02E+10,93.94945582
783,2.64E+10,5.83E+09,1.05E+10,5.30E+09,90.84048027,9.65E+09,91.43913538
784,2.59E+10,5.75E+09,1.04E+10,5.26E+09,91.54488518,9.54E+09,92.01968542
785,2.57E+10,5.78E+09,1.03E+10,5.06E+09,87.5475614,9.20E+09,89.6471047
786,2.49E+10,5.53E+09,9.87E+09,4.64E+09,83.98479913,8.38E+09,84.86322188
787,2.47E+10,5.45E+09,9.78E+09,3.83E+09,70.30848329,7.16E+09,73.13707452
788,2.36E+10,5.32E+09,9.41E+09,3.44E+09,64.62955998,5.96E+09,63.30392261
789,2.34E+10,5.58E+09,9.31E+09,3.64E+09,65.14961476,5.70E+09,61.15107914
790,2.44E+10,6.10E+09,9.47E+09,3.62E+09,59.30537353,5.80E+09,61.23310811
791,2.65E+10,6.65E+09,9.88E+09,4.23E+09,63.5625094,5.88E+09,59.50187304
792,2.69E+10,6.93E+09,9.67E+09,4.85E+09,69.94369857,6.26E+09,64.68459152
793,2.74E+10,7.38E+09,9.24E+09,5.34E+09,72.29976962,6.73E+09,72.86301666
794,2.76E+10,7.64E+09,9.13E+09,5.23E+09,68.55271775,7.22E+09,79.07945205
795,2.67E+10,6.84E+09,8.96E+09,6.37E+09,93.19976601,8.13E+09,90.76699788
796,2.54E+10,6.67E+09,8.43E+09,6.67E+09,100,8.43E+09,100
797,2.54E+10,6.67E+09,8.43E+09,6.67E+09,100,8.43E+09,100
798,2.56E+10,6.70E+09,8.48E+09,6.40E+09,95.54958184,8.18E+09,96.4399387
799,2.66E+10,6.83E+09,8.93E+09,6.26E+09,91.76556777,8.32E+09,93.1266092
