"","Interval","MinDepth","MaxDepth","MeanDepth","LowerTimeBound","UpperTimeBound","TimeInterval"
"1",0,0,0,0,0,0,0.1
"2",1,-0.0479,-0.5037,-0.26604,0.1001,1,1
"3",2,-0.576,-1.2984,-0.92512,1.1001,2,1
"4",3,-1.4072,-2.3284,-1.85497,2.1001,3,1
"5",4,-2.4602,-3.562,-3.03129,3.1001,4,1
"6",5,-3.6715,-4.8598,-4.24602,4.1001,5,1
"7",6,-5.1123,-7.4404,-6.22942,5.1001,6,1
"8",7,-7.7391,-10.0292,-8.91797,6.1001,7,1
"9",8,-10.2742,-12.8022,-11.4889,7.1001,8,1
"10",9,-13.1592,-17.4732,-15.158,8.1001,9,1
"11",10,-18.1362,-25.3052,-21.5892,9.1001,10,1
"12",11,-26.1442,-35.2772,-30.3516,10.1,11,1
"13",12,-36.5672,-49.9132,-42.9884,11.1,12,1
"14",13,-51.4632,-66.2442,-58.6523,12.1,13,1
"15",14,-67.9272,-81.9602,-74.9845,13.1,14,1
"16",15,-83.4052,-95.9162,-89.6966,14.1,15,1
"17",16,-97.1802,-107.6412,-102.5058,15.1,16,1
"18",17,-108.6012,-115.6612,-112.2942,16.1,17,1
"19",18,-116.2712,-120.4612,-118.5302,17.1,18,1
"20",19,-120.7012,-121.9412,-121.3912,18.1,19,1
"21",20,-121.8912,-121.9512,-121.9272,19.1,20,1
"22",21,-121.3412,-121.8512,-121.5352,20.1,21,1
"23",22,-120.4412,-121.2812,-120.8652,21.1,22,1
"24",23,-119.3912,-120.2712,-119.7582,22.1,23,1
"25",24,-117.6812,-119.2712,-118.5132,23.1,24,1
"26",25,-116.0212,-117.4912,-116.7682,24.1,25,1
"27",26,-113.7712,-115.8512,-114.8322,25.1,26,1
"28",27,-111.1012,-113.5512,-112.4042,26.1,27,1
"29",28,-107.8312,-110.7912,-109.3192,27.1,28,1
"30",29,-104.4912,-107.5112,-106.0362,28.1,29,1
"31",30,-101.1912,-104.1712,-102.7022,29.1,30,1
"32",31,-98.5612,-100.8912,-99.6972,30.1,31,1
"33",32,-96.9922,-98.3692,-97.6405,31.1,32,1
"34",33,-95.3792,-96.8482,-96.1303,32.1,33,1
"35",34,-93.7242,-95.2162,-94.4964,33.1,34,1
"36",35,-91.9502,-93.5612,-92.793,34.1,35,1
"37",36,-89.8592,-91.7662,-90.8502,35.1,36,1
"38",37,-88.4872,-89.6962,-89.1247,36.1,37,1
"39",38,-86.9962,-88.3402,-87.6222,37.1,38,1
"40",39,-85.6762,-86.8932,-86.2744,38.1,39,1
"41",40,-84.5462,-85.5422,-85.0499,39.1,40,1
"42",41,-82.9822,-84.4382,-83.7515,40.1,41,1
"43",42,-81.6872,-82.8482,-82.2465,41.1,42,1
"44",43,-80.1322,-81.5572,-80.8706,42.1,43,1
"45",44,-78.9512,-79.9942,-79.4473,43.1,44,1
"46",45,-78.0512,-78.8612,-78.4581,44.1,45,1
"47",46,-77.4942,-78.0012,-77.7148,45.1,46,1
"48",47,-77.4782,-77.8752,-77.6223,46.1,47,1
"49",48,-77.9562,-78.1802,-78.1016,47.1,48,1
"50",49,-77.9122,-78.1882,-78.0995,48.1,49,1
"51",50,-77.3412,-77.8682,-77.5691,49.1,50,1
"52",51,-77.2892,-77.3302,-77.3076,50.1,51,1
"53",52,-77.3472,-77.6272,-77.4846,51.1,52,1
"54",53,-77.6902,-78.2092,-77.946,52.1,53,1
"55",54,-78.3322,-79.3182,-78.83,53.1,54,1
"56",55,-79.4422,-80.1862,-79.8438,54.1,55,1
"57",56,-80.2472,-81.5962,-80.8074,55.1,56,1
"58",57,-81.8322,-84.0662,-82.9571,56.1,57,1
"59",58,-84.3642,-86.5312,-85.4741,57.1,58,1
"60",59,-86.6622,-88.2162,-87.3332,58.1,59,1
"61",60,-88.4442,-90.6882,-89.606,59.1,60,1
"62",61,-90.8502,-92.2712,-91.6151,60.1,61,1
"63",62,-92.1422,-92.3952,-92.2783,61.1,62,1
"64",63,-92.1302,-92.5092,-92.2647,62.1,63,1
"65",64,-91.8632,-92.4872,-92.2557,63.1,64,1
"66",65,-90.6322,-91.6902,-91.056,64.1,65,1
"67",66,-90.5272,-90.7862,-90.6228,65.1,66,1
"68",67,-89.4942,-90.7102,-90.1416,66.1,67,1
"69",68,-86.0052,-89.2052,-87.6373,67.1,68,1
"70",69,-82.1352,-85.6072,-83.8484,68.1,69,1
"71",70,-77.6442,-81.6932,-79.6783,69.1,70,1
"72",71,-71.9972,-77.1052,-74.6056,70.1,71,1
"73",72,-65.7882,-71.3812,-68.5947,71.1,72,1
"74",73,-59.5622,-65.1712,-62.3478,72.1,73,1
"75",74,-53.9622,-58.9972,-56.4917,73.1,74,1
"76",75,-48.4742,-53.4062,-50.884,74.1,75,1
"77",76,-45.3772,-48.1032,-46.6749,75.1,76,1
"78",77,-43.2342,-45.1762,-44.2786,76.1,77,1
"79",78,-40.4112,-43.0372,-41.8015,77.1,78,1
"80",79,-37.9052,-40.1782,-39.0322,78.1,79,1
"81",80,-36.3642,-37.7512,-37.0788,79.1,80,1
"82",81,-35.4692,-36.2412,-35.8177,80.1,81,1
"83",82,-35.4362,-35.7502,-35.5378,81.1,82,1
"84",83,-35.8742,-37.7002,-36.7089,82.1,83,1
"85",84,-37.9682,-40.4512,-39.2009,83.1,84,1
"86",85,-40.7482,-43.3052,-42.0478,84.1,85,1
"87",86,-43.5082,-44.8262,-44.2432,85.1,86,1
"88",87,-44.8802,-44.9942,-44.9532,86.1,87,1
"89",88,-44.2372,-44.8562,-44.5712,87.1,88,1
"90",89,-42.8312,-44.0932,-43.4669,88.1,89,1
"91",90,-41.3522,-42.6392,-41.9668,89.1,90,1
"92",91,-40.0152,-41.2162,-40.6077,90.1,91,1
"93",92,-38.2262,-39.8702,-39.0788,91.1,92,1
"94",93,-35.7182,-37.9742,-36.8269,92.1,93,1
"95",94,-33.9002,-35.4672,-34.5515,93.1,94,1
"96",95,-33.3212,-33.7902,-33.5109,94.1,95,1
"97",96,-33.2422,-33.2902,-33.2697,95.1,96,1
"98",97,-33.2492,-33.3872,-33.2944,96.1,97,1
"99",98,-33.4392,-34.0612,-33.7305,97.1,98,1
"100",99,-34.1772,-34.9792,-34.6116,98.1,99,1
"101",100,-35.0612,-35.6992,-35.3676,99.1,100,1
"102",101,-35.8492,-37.6212,-36.7387,100.1,101,1
"103",102,-37.7872,-39.4602,-38.6547,101.1,102,1
"104",103,-39.6272,-40.5252,-40.1195,102.1,103,1
"105",104,-40.6762,-42.7492,-41.6379,103.1,104,1
"106",105,-43.0432,-45.8802,-44.4078,104.1,105,1
"107",106,-46.2942,-50.5082,-48.3198,105.1,106,1
"108",107,-50.9472,-55.4622,-53.2317,106.1,107,1
"109",108,-55.7432,-57.4172,-56.7003,107.1,108,1
"110",109,-56.7342,-57.4492,-57.1637,108.1,109,1
"111",110,-53.4332,-56.4632,-55.027,109.1,110,1
"112",111,-47.5222,-52.8592,-50.2059,110.1,111,1
"113",112,-40.0822,-46.7532,-43.4159,111.1,112,1
"114",113,-31.5482,-39.2412,-35.3349,112.1,113,1
"115",114,-23.1462,-30.6892,-26.863,113.1,114,1
"116",115,-15.0112,-22.2882,-18.6418,114.1,115,1
"117",116,-7.2452,-14.1982,-10.673,115.1,116,1
"118",117,-2.672,-6.5852,-4.34558,116.1,117,1
"119",118,-1.1535,-2.4846,-1.77788,117.1,118,1
"120",119,0.3238,-1.0446,-0.39655,118.1,119,1
"121",120,1.477,0.4823,1.08427,119.1,120,1
"122",121,1.5222,1.4843,1.49039,120.1,121,1
"123",122,1.5724,1.4666,1.51876,121.1,122,1
"124",123,1.4666,1.4666,1.4666,122.1,123,1
"125",124,1.7352,1.4666,1.59615,123.1,124,1
"126",125,1.8448,1.0002,1.63279,124.1,125,1
"127",126,0.6387,-5.2752,-2.00189,125.1,126,1
"128",127,-6.2786,-16.4252,-11.36548,126.1,127,1
"129",128,-17.4152,-26.1672,-21.7437,127.1,128,1
"130",129,-27.2132,-36.5602,-31.8517,128.1,129,1
"131",130,-37.5252,-45.6982,-41.6241,129.1,130,1
"132",131,-46.5622,-55.6622,-50.836,130.1,131,1
"133",132,-56.9442,-73.5212,-64.5271,131.1,132,1
"134",133,-75.5242,-93.8062,-84.757,132.1,133,1
"135",134,-95.4292,-107.6312,-101.8137,133.1,134,1
"136",135,-108.5812,-115.5912,-112.2412,134.1,135,1
"137",136,-116.0812,-119.3712,-117.8342,135.1,136,1
"138",137,-119.5012,-120.6412,-120.1082,136.1,137,1
"139",138,-120.5912,-121.1612,-120.7942,137.1,138,1
"140",139,-121.0412,-121.2012,-121.1382,138.1,139,1
"141",140,-119.7312,-120.9912,-120.3872,139.1,140,1
"142",141,-118.2512,-119.5612,-118.9112,140.1,141,1
"143",142,-115.7412,-118.0612,-116.9612,141.1,142,1
"144",143,-113.2312,-115.4312,-114.2802,142.1,143,1
"145",144,-111.3312,-113.0812,-112.2882,143.1,144,1
"146",145,-109.2412,-111.1412,-110.2992,144.1,145,1
"147",146,-106.7512,-109.0112,-107.9002,145.1,146,1
"148",147,-105.2812,-106.5812,-105.9332,146.1,147,1
"149",148,-103.9012,-105.1612,-104.5432,147.1,148,1
"150",149,-102.6112,-103.7812,-103.2472,148.1,149,1
"151",150,-102.4512,-102.6612,-102.5232,149.1,150,1
"152",151,-102.7312,-103.5212,-103.1122,150.1,151,1
"153",152,-103.5912,-104.2212,-103.8832,151.1,152,1
"154",153,-104.2412,-104.9112,-104.5262,152.1,153,1
"155",154,-105.0512,-107.0912,-106.0462,153.1,154,1
"156",155,-107.2812,-108.4712,-107.9612,154.1,155,1
"157",156,-108.3612,-108.4612,-108.4202,155.1,156,1
"158",157,-108.3812,-108.8012,-108.5922,156.1,157,1
"159",158,-107.2812,-108.7512,-108.1312,157.1,158,1
"160",159,-105.0912,-107.0512,-106.0412,158.1,159,1
"161",160,-103.2112,-104.8812,-103.9982,159.1,160,1
"162",161,-101.5212,-103.0812,-102.3332,160.1,161,1
"163",162,-99.5612,-101.2912,-100.4622,161.1,162,1
"164",163,-96.8972,-99.3412,-98.1968,162.1,163,1
"165",164,-93.0182,-96.5612,-94.8535,163.1,164,1
"166",165,-89.0662,-92.6202,-90.8269,164.1,165,1
"167",166,-85.3472,-88.7242,-87.0825,165.1,166,1
"168",167,-81.5722,-84.9842,-83.2844,166.1,167,1
"169",168,-79.6592,-81.3132,-80.3996,167.1,168,1
"170",169,-79.0442,-79.5992,-79.3637,168.1,169,1
"171",170,-77.9602,-79.0002,-78.5864,169.1,170,1
"172",171,-76.6682,-77.8392,-77.2716,170.1,171,1
"173",172,-75.3392,-76.5782,-76.0605,171.1,172,1
"174",173,-74.1162,-75.1942,-74.589,172.1,173,1
"175",174,-74.0892,-74.6712,-74.3125,173.1,174,1
"176",175,-74.7622,-76.6752,-75.6142,174.1,175,1
"177",176,-76.9452,-79.7352,-78.2765,175.1,176,1
"178",177,-80.0922,-82.5242,-81.3453,176.1,177,1
"179",178,-82.6702,-84.6162,-83.5347,177.1,178,1
"180",179,-84.8032,-87.1732,-85.8625,178.1,179,1
"181",180,-87.3662,-89.4332,-88.3989,179.1,180,1
"182",181,-89.5112,-90.8912,-90.0093,180.1,181,1
"183",182,-91.1032,-93.7902,-92.2659,181.1,182,1
"184",183,-94.0092,-96.7492,-95.3847,182.1,183,1
"185",184,-96.8572,-97.7822,-97.2884,183.1,184,1
"186",185,-97.3802,-97.7642,-97.6254,184.1,185,1
"187",186,-93.4302,-97.1472,-95.5054,185.1,186,1
"188",187,-85.1982,-92.7472,-89.0139,186.1,187,1
"189",188,-75.5862,-84.3262,-80.1374,187.1,188,1
"190",189,-64.6122,-74.4972,-69.6025,188.1,189,1
"191",190,-52.3542,-63.4962,-58.0442,189.1,190,1
"192",191,-42.3192,-51.2492,-46.7783,190.1,191,1
"193",192,-32.9162,-41.4492,-37.2482,191.1,192,1
"194",193,-27.6112,-32.2192,-29.7353,192.1,193,1
"195",194,-26.0472,-27.3532,-26.6365,193.1,194,1
"196",195,-24.8742,-25.9462,-25.4488,194.1,195,1
"197",196,-23.8762,-24.7932,-24.3881,195.1,196,1
"198",197,-22.3472,-23.7432,-23.0513,196.1,197,1
"199",198,-21.4102,-22.2322,-21.7989,197.1,198,1
"200",199,-20.9962,-21.3522,-21.1499,198.1,199,1
"201",200,-20.8352,-20.9812,-20.8949,199.1,200,1
"202",201,-20.8512,-21.5002,-21.0947,200.1,201,1
"203",202,-21.6522,-23.2242,-22.4372,201.1,202,1
"204",203,-23.3442,-24.5342,-23.9704,202.1,203,1
"205",204,-24.6242,-24.9862,-24.8142,203.1,204,1
"206",205,-25.0122,-25.0702,-25.051,204.1,205,1
"207",206,-24.3772,-25.0012,-24.7118,205.1,206,1
"208",207,-23.1242,-24.2492,-23.6799,206.1,207,1
"209",208,-21.9212,-23.0012,-22.4555,207.1,208,1
"210",209,-20.7372,-21.7872,-21.2648,208.1,209,1
"211",210,-19.6932,-20.6292,-20.1413,209.1,210,1
"212",211,-19.2652,-19.6272,-19.4258,210.1,211,1
"213",212,-19.0622,-19.2532,-19.1621,211.1,212,1
"214",213,-18.7462,-19.0692,-18.9601,212.1,213,1
"215",214,-18.6432,-18.7202,-18.6725,213.1,214,1
"216",215,-18.6892,-19.2432,-18.943,214.1,215,1
"217",216,-19.3832,-21.4372,-20.3101,215.1,216,1
"218",217,-21.7632,-25.5282,-23.5461,216.1,217,1
"219",218,-26.1782,-32.4312,-29.1522,217.1,218,1
"220",219,-33.3582,-43.9442,-38.4746,218.1,219,1
"221",220,-45.1912,-55.9072,-50.5602,219.1,220,1
"222",221,-57.0822,-67.6182,-62.3805,220.1,221,1
"223",222,-68.6042,-76.4112,-72.6123,221.1,222,1
"224",223,-76.9752,-80.5782,-78.9414,222.1,223,1
"225",224,-80.6852,-81.8422,-81.198,223.1,224,1
"226",225,-81.7412,-81.8602,-81.8001,224.1,225,1
"227",226,-80.5862,-81.6162,-80.98,225.1,226,1
"228",227,-78.3622,-80.3532,-79.2781,226.1,227,1
"229",228,-76.5862,-78.0452,-77.2038,227.1,228,1
"230",229,-73.2192,-76.2612,-74.6824,228.1,229,1
"231",230,-68.1392,-72.7402,-70.495,229.1,230,1
"232",231,-60.3792,-67.4812,-64.0927,230.1,231,1
"233",232,-49.4452,-59.3912,-54.489,231.1,232,1
"234",233,-38.8192,-48.3772,-43.6115,232.1,233,1
"235",234,-28.6112,-37.8022,-33.2421,233.1,234,1
"236",235,-21.1762,-27.8192,-24.3739,234.1,235,1
"237",236,-18.3012,-20.8032,-19.4496,235.1,236,1
"238",237,-16.6772,-18.1322,-17.3934,236.1,237,1
"239",238,-16.3772,-16.5832,-16.4314,237.1,238,1
"240",239,-16.4802,-17.3452,-16.8636,238.1,239,1
"241",240,-17.5052,-19.3712,-18.3542,239.1,240,1
"242",241,-19.6972,-23.7972,-21.5981,240.1,241,1
"243",242,-24.4582,-31.5542,-27.8525,241.1,242,1
"244",243,-32.5272,-42.0132,-37.1863,242.1,243,1
"245",244,-43.2042,-54.4222,-48.7397,243.1,244,1
"246",245,-55.6652,-65.2502,-60.6389,244.1,245,1
"247",246,-66.1372,-72.3942,-69.485,245.1,246,1
"248",247,-72.8772,-77.1742,-75.0284,246.1,247,1
"249",248,-77.5932,-81.3052,-79.4414,247.1,248,1
"250",249,-81.7162,-85.5292,-83.5439,248.1,249,1
"251",250,-85.9202,-89.1532,-87.5324,249.1,250,1
"252",251,-89.4172,-91.3892,-90.4562,250.1,251,1
"253",252,-91.5202,-92.0672,-91.8629,251.1,252,1
"254",253,-90.7692,-92.0022,-91.4392,252.1,253,1
"255",254,-88.7962,-90.5802,-89.6727,253.1,254,1
"256",255,-87.7152,-88.6492,-88.144,254.1,255,1
"257",256,-86.8512,-87.6052,-87.2003,255.1,256,1
"258",257,-86.7582,-86.7982,-86.7704,256.1,257,1
"259",258,-86.1962,-86.7702,-86.5541,257.1,258,1
"260",259,-85.2842,-86.1242,-85.71,258.1,259,1
"261",260,-85.0402,-85.2232,-85.0911,259.1,260,1
"262",261,-85.0632,-85.2022,-85.1445,260.1,261,1
"263",262,-84.4122,-85.1092,-84.797,261.1,262,1
"264",263,-83.8592,-84.3552,-84.0558,262.1,263,1
"265",264,-83.8932,-84.4472,-84.1782,263.1,264,1
"266",265,-84.5522,-85.1182,-84.8448,264.1,265,1
"267",266,-84.9172,-85.1022,-84.9842,265.1,266,1
"268",267,-85.1182,-86.2752,-85.755,266.1,267,1
"269",268,-86.1102,-86.3462,-86.2358,267.1,268,1
"270",269,-85.9482,-86.0852,-85.996,268.1,269,1
"271",270,-86.0482,-86.9082,-86.4887,269.1,270,1
"272",271,-86.7592,-86.9782,-86.8891,270.1,271,1
"273",272,-85.4942,-86.6822,-86.1159,271.1,272,1
"274",273,-83.7262,-85.3212,-84.5195,272.1,273,1
"275",274,-82.3482,-83.5212,-82.8303,273.1,274,1
"276",275,-81.0042,-82.2082,-81.5907,274.1,275,1
"277",276,-78.1182,-80.7592,-79.4948,275.1,276,1
"278",277,-74.6362,-77.7532,-76.2212,276.1,277,1
"279",278,-69.9532,-74.2242,-72.2023,277.1,278,1
"280",279,-63.5352,-69.3602,-66.5108,278.1,279,1
"281",280,-56.3162,-62.8132,-59.5128,279.1,280,1
"282",281,-50.3442,-55.6952,-52.9881,280.1,281,1
"283",282,-44.8912,-49.8232,-47.3772,281.1,282,1
"284",283,-40.0352,-44.3982,-42.2043,282.1,283,1
"285",284,-38.1932,-39.7172,-38.8268,283.1,284,1
"286",285,-38.1772,-38.6442,-38.3692,284.1,285,1
"287",286,-38.8062,-40.4932,-39.6254,285.1,286,1
"288",287,-40.7952,-43.4862,-42.1694,286.1,287,1
"289",288,-43.8732,-47.2842,-45.6074,287.1,288,1
"290",289,-47.6742,-50.6512,-49.2333,288.1,289,1
"291",290,-51.0082,-53.9962,-52.5075,289.1,290,1
"292",291,-54.3162,-56.8482,-55.5653,290.1,291,1
"293",292,-57.2132,-60.4002,-58.9242,291.1,292,1
"294",293,-60.6232,-62.1442,-61.4776,292.1,293,1
"295",294,-62.2232,-62.5782,-62.4028,293.1,294,1
"296",295,-62.5872,-63.1952,-62.8372,294.1,295,1
"297",296,-62.9192,-63.2382,-63.0916,295.1,296,1
"298",297,-62.4362,-62.8502,-62.6117,296.1,297,1
"299",298,-61.5082,-62.3682,-61.9208,297.1,298,1
"300",299,-60.4442,-61.4002,-60.9116,298.1,299,1
"301",300,-58.9932,-60.2742,-59.6181,299.1,300,1
"302",301,-56.7782,-58.7942,-57.7714,300.1,301,1
"303",302,-55.3912,-56.5672,-55.9132,301.1,302,1
"304",303,-53.3672,-55.2372,-54.4322,302.1,303,1
"305",304,-49.8982,-53.0812,-51.5868,303.1,304,1
"306",305,-45.5782,-49.5162,-47.614,304.1,305,1
"307",306,-40.2542,-45.1162,-42.7631,305.1,306,1
"308",307,-35.0722,-39.7222,-37.4601,306.1,307,1
"309",308,-30.1822,-34.5752,-32.3909,307.1,308,1
"310",309,-26.0412,-29.7582,-27.8664,308.1,309,1
"311",310,-23.7352,-25.7482,-24.6624,309.1,310,1
"312",311,-22.4322,-23.6032,-23.0035,310.1,311,1
"313",312,-21.6632,-22.3622,-22.04,311.1,312,1
"314",313,-20.8862,-21.5782,-21.2109,312.1,313,1
"315",314,-20.2872,-20.7992,-20.5186,313.1,314,1
"316",315,-19.3862,-20.2112,-19.8496,314.1,315,1
"317",316,-17.1912,-19.1882,-18.1978,315.1,316,1
"318",317,-15.0162,-16.9392,-15.9527,316.1,317,1
"319",318,-11.9912,-14.7672,-13.4723,317.1,318,1
"320",319,-7.6886,-11.5772,-9.59539,318.1,319,1
"321",320,-4.9738,-7.2863,-6.03325,319.1,320,1
"322",321,-3.3572,-4.751,-4.03486,320.1,321,1
"323",322,-1.9575,-3.2061,-2.55007,321.1,322,1
"324",323,-0.9263,-1.8611,-1.44037,322.1,323,1
"325",324,0.6238,-0.7853,-0.09459,323.1,324,1
"326",325,1.0703,0.7369,0.97207,324.1,325,1
"327",326,1.0689,1.0034,1.03426,325.1,326,1
"328",327,0.9954,0.9358,0.96598,326.1,327,1
"329",328,0.9307,0.6937,0.84337,327.1,328,1
"330",329,0.6518,-0.307,0.25522,328.1,329,1
"331",330,-0.5061,-3.0645,-1.72494,329.1,330,1
"332",331,-3.4239,-5.7608,-4.67149,330.1,331,1
"333",332,-6.0248,-8.8412,-7.30968,331.1,332,1
"334",333,-9.2752,-14.9352,-11.8938,332.1,333,1
"335",334,-15.7392,-25.2482,-20.3221,333.1,334,1
"336",335,-26.4112,-38.2262,-32.1079,334.1,335,1
"337",336,-39.6892,-52.8412,-46.2338,335.1,336,1
"338",337,-54.3572,-67.8872,-61.2702,336.1,337,1
"339",338,-69.0412,-78.3162,-73.7639,337.1,338,1
"340",339,-79.2382,-88.6172,-83.6713,338.1,339,1
"341",340,-89.6552,-99.8312,-94.5703,339.1,340,1
"342",341,-100.8112,-107.1412,-104.2402,340.1,341,1
"343",342,-107.5312,-109.5912,-108.6942,341.1,342,1
"344",343,-109.6112,-109.7612,-109.6722,342.1,343,1
"345",344,-108.6412,-109.6012,-109.1392,343.1,344,1
"346",345,-106.2012,-108.4412,-107.2752,344.1,345,1
"347",346,-103.6612,-105.9212,-104.7172,345.1,346,1
"348",347,-101.3112,-103.4712,-102.4352,346.1,347,1
"349",348,-99.5212,-101.1412,-100.3282,347.1,348,1
"350",349,-97.6242,-99.3312,-98.4416,348.1,349,1
"351",350,-95.3382,-97.4642,-96.5102,349.1,350,1
"352",351,-92.1312,-95.0812,-93.6843,350.1,351,1
"353",352,-88.4842,-91.8042,-90.2209,351.1,352,1
"354",353,-86.8982,-88.2152,-87.4391,352.1,353,1
"355",354,-86.5652,-86.8372,-86.6751,353.1,354,1
"356",355,-86.5642,-86.8432,-86.689,354.1,355,1
"357",356,-86.9002,-87.2802,-87.1667,355.1,356,1
"358",357,-86.5752,-87.2922,-86.9774,356.1,357,1
"359",358,-86.0202,-86.4842,-86.2296,357.1,358,1
"360",359,-84.8592,-85.9722,-85.4294,358.1,359,1
"361",360,-83.3312,-84.7442,-84.1005,359.1,360,1
"362",361,-81.6772,-83.1422,-82.4001,360.1,361,1
"363",362,-79.3132,-81.5012,-80.422,361.1,362,1
"364",363,-76.9962,-79.0812,-78.0825,362.1,363,1
"365",364,-73.5352,-76.7232,-75.1896,363.1,364,1
"366",365,-70.7872,-73.2402,-71.9944,364.1,365,1
"367",366,-69.3132,-70.6312,-69.9668,365.1,366,1
"368",367,-67.6462,-69.2092,-68.4762,366.1,367,1
"369",368,-66.5082,-67.4932,-66.9764,367.1,368,1
"370",369,-65.3422,-66.4482,-65.9399,368.1,369,1
"371",370,-64.7872,-65.2792,-65.0433,369.1,370,1
"372",371,-64.0672,-64.7292,-64.4143,370.1,371,1
"373",372,-63.7372,-64.0312,-63.8606,371.1,372,1
"374",373,-63.2942,-63.7052,-63.5078,372.1,373,1
"375",374,-62.3312,-63.2592,-62.8281,373.1,374,1
"376",375,-61.5282,-62.2202,-61.8223,374.1,375,1
"377",376,-60.7862,-61.4702,-61.0941,375.1,376,1
"378",377,-60.5472,-60.7202,-60.6014,376.1,377,1
"379",378,-60.5652,-60.5882,-60.5788,377.1,378,1
"380",379,-60.0812,-60.5592,-60.3202,378.1,379,1
"381",380,-59.4222,-60.0102,-59.7041,379.1,380,1
"382",381,-58.7142,-59.3462,-59.0332,380.1,381,1
"383",382,-57.4962,-58.6072,-57.9927,381.1,382,1
"384",383,-56.3362,-57.3802,-56.8615,382.1,383,1
"385",384,-54.8482,-56.1992,-55.5528,383.1,384,1
"386",385,-53.4012,-54.6932,-54.0523,384.1,385,1
"387",386,-51.0242,-53.2202,-52.2181,385.1,386,1
"388",387,-47.2562,-50.7132,-48.9971,386.1,387,1
"389",388,-44.8822,-46.9572,-45.7904,387.1,388,1
"390",389,-42.8202,-44.7032,-43.7907,388.1,389,1
"391",390,-40.3052,-42.5492,-41.4191,389.1,390,1
"392",391,-36.9292,-39.9942,-38.4842,390.1,391,1
"393",392,-32.5132,-36.5322,-34.5897,391.1,392,1
"394",393,-26.5532,-31.9352,-29.2898,392.1,393,1
"395",394,-20.3512,-25.9242,-23.1217,393.1,394,1
"396",395,-13.9932,-19.6892,-16.7919,394.1,395,1
"397",396,-8.6642,-13.4242,-10.9797,395.1,396,1
"398",397,-4.5571,-8.1602,-6.24645,396.1,397,1
"399",398,-1.7039,-4.2021,-2.83736,397.1,398,1
"400",399,-0.4633,-1.5365,-0.9705,398.1,399,1
"401",400,0.6534,-0.3612,0.12721,399.1,400,1
"402",401,1.4038,0.7908,1.17901,400.1,401,1
"403",402,1.416,1.4111,1.41511,401.1,402,1
"404",403,1.725,1.416,1.55808,402.1,403,1
"405",404,1.7734,1.7398,1.7585,403.1,404,1
"406",405,1.737,1.6693,1.71771,404.1,405,1
"407",406,1.6702,1.5974,1.62452,405.1,406,1
"408",407,1.7358,1.6312,1.70157,406.1,407,1
"409",408,1.6369,1.5683,1.59428,407.1,408,1
"410",409,1.6462,1.1708,1.48438,408.1,409,1
"411",410,1.0838,-0.2168,0.51744,409.1,410,1
"412",411,-0.4556,-3.2077,-1.74926,410.1,411,1
"413",412,-3.6263,-8.1811,-5.81615,411.1,412,1
"414",413,-8.6902,-12.2302,-10.4881,412.1,413,1
"415",414,-12.6152,-15.9262,-14.2861,413.1,414,1
"416",415,-16.2632,-20.1152,-18.0743,414.1,415,1
"417",416,-20.6442,-26.4052,-23.5097,415.1,416,1
"418",417,-26.9992,-31.2572,-29.2956,416.1,417,1
"419",418,-31.5682,-34.2362,-32.9086,417.1,418,1
"420",419,-34.5372,-39.0572,-36.6619,418.1,419,1
"421",420,-39.5292,-43.4952,-41.5501,419.1,420,1
"422",421,-43.8782,-47.2292,-45.5331,420.1,421,1
"423",422,-47.6062,-52.1232,-49.6216,421.1,422,1
"424",423,-52.9122,-61.4652,-57.0723,422.1,423,1
"425",424,-62.4512,-70.3572,-66.4995,423.1,424,1
"426",425,-71.0992,-77.5892,-74.2175,424.1,425,1
"427",426,-78.6032,-90.0872,-84.2217,425.1,426,1
"428",427,-91.2002,-98.8412,-95.2468,426.1,427,1
"429",428,-99.5212,-105.8612,-102.6072,427.1,428,1
"430",429,-106.6112,-114.9612,-110.6302,428.1,429,1
"431",430,-115.8612,-121.4612,-118.9402,429.1,430,1
"432",431,-121.8512,-124.4712,-123.2532,430.1,431,1
"433",432,-124.6112,-125.4812,-125.0782,431.1,432,1
"434",433,-125.4712,-125.5412,-125.5072,432.1,433,1
"435",434,-124.9712,-125.4312,-125.2392,433.1,434,1
"436",435,-123.4012,-124.8612,-124.1562,434.1,435,1
"437",436,-120.9212,-123.2312,-122.1152,435.1,436,1
"438",437,-117.6712,-120.6212,-119.1892,436.1,437,1
"439",438,-114.1012,-117.2712,-115.6282,437.1,438,1
"440",439,-112.6312,-113.8312,-113.0712,438.1,439,1
"441",440,-111.8312,-112.6212,-112.2922,439.1,440,1
"442",441,-110.5512,-111.7112,-111.1742,440.1,441,1
"443",442,-109.9012,-110.5112,-110.2082,441.1,442,1
"444",443,-108.9912,-109.8512,-109.5392,442.1,443,1
"445",444,-106.6112,-108.8212,-107.8132,443.1,444,1
"446",445,-103.6112,-106.3312,-104.9802,444.1,445,1
"447",446,-102.0912,-103.4012,-102.7392,445.1,446,1
"448",447,-99.7512,-101.9112,-100.8772,446.1,447,1
"449",448,-98.1852,-99.5412,-98.8021,447.1,448,1
"450",449,-97.8282,-98.0812,-97.9097,448.1,449,1
"451",450,-96.8892,-97.7942,-97.449,449.1,450,1
"452",451,-94.7812,-96.6752,-95.7005,450.1,451,1
"453",452,-93.1112,-94.5732,-93.8073,451.1,452,1
"454",453,-91.7402,-92.9692,-92.2686,452.1,453,1
"455",454,-90.6842,-91.6402,-91.1731,453.1,454,1
"456",455,-90.2572,-90.6162,-90.3983,454.1,455,1
"457",456,-89.9862,-90.2362,-90.0993,455.1,456,1
"458",457,-90.0362,-90.4642,-90.2644,456.1,457,1
"459",458,-89.7672,-90.4882,-90.2086,457.1,458,1
"460",459,-89.0702,-89.6852,-89.3842,458.1,459,1
"461",460,-88.9442,-89.0692,-89.0439,459.1,460,1
"462",461,-88.2622,-88.9182,-88.6299,460.1,461,1
"463",462,-87.5112,-88.2012,-87.8528,461.1,462,1
"464",463,-87.3692,-87.4772,-87.4365,462.1,463,1
"465",464,-86.4632,-87.3182,-86.9318,463.1,464,1
"466",465,-84.9652,-86.2962,-85.5995,464.1,465,1
"467",466,-84.5872,-84.8352,-84.6557,465.1,466,1
"468",467,-84.3312,-84.5902,-84.4675,466.1,467,1
"469",468,-83.6982,-84.2382,-83.9011,467.1,468,1
"470",469,-83.4222,-83.6792,-83.5135,468.1,469,1
"471",470,-83.4032,-83.7022,-83.5013,469.1,470,1
"472",471,-82.9892,-83.6572,-83.356,470.1,471,1
"473",472,-82.3522,-82.8462,-82.5367,471.1,472,1
"474",473,-80.0752,-82.2442,-81.2277,472.1,473,1
"475",474,-76.5752,-79.7502,-78.1704,473.1,474,1
"476",475,-71.6452,-76.1082,-73.9499,474.1,475,1
"477",476,-65.5822,-71.0762,-68.4128,475.1,476,1
"478",477,-59.0932,-64.9482,-62.022,476.1,477,1
"479",478,-52.8902,-58.4592,-55.6911,477.1,478,1
"480",479,-47.0912,-52.3332,-49.7405,478.1,479,1
"481",480,-41.9362,-46.5822,-44.2411,479.1,480,1
"482",481,-38.1702,-41.5412,-39.9047,480.1,481,1
"483",482,-34.3162,-37.8222,-36.0905,481.1,482,1
"484",483,-31.3262,-34.0502,-32.743,482.1,483,1
"485",484,-29.1172,-31.0672,-30.049,483.1,484,1
"486",485,-27.8922,-28.9662,-28.3841,484.1,485,1
"487",486,-27.6032,-27.8412,-27.707,485.1,486,1
"488",487,-27.3322,-27.5822,-27.4558,486.1,487,1
"489",488,-27.0952,-27.2662,-27.1593,487.1,488,1
"490",489,-27.1162,-27.3672,-27.2106,488.1,489,1
"491",490,-27.4032,-28.2212,-27.7447,489.1,490,1
"492",491,-28.3362,-29.8032,-28.9853,490.1,491,1
"493",492,-29.9712,-32.8192,-31.2238,491.1,492,1
"494",493,-33.2192,-36.7452,-35.0746,492.1,493,1
"495",494,-36.9792,-38.1532,-37.6688,493.1,494,1
"496",495,-38.2092,-38.3322,-38.2981,494.1,495,1
"497",496,-38.0772,-38.3392,-38.235,495.1,496,1
"498",497,-37.4722,-37.9892,-37.7179,496.1,497,1
"499",498,-37.4512,-37.5612,-37.5065,497.1,498,1
"500",499,-37.5792,-38.0572,-37.8132,498.1,499,1
"501",500,-38.1212,-38.2472,-38.2165,499.1,500,1
"502",501,-38.3032,-39.1132,-38.6822,500.1,501,1
"503",502,-39.2372,-40.4712,-39.8358,501.1,502,1
"504",503,-40.6922,-42.8002,-41.7274,502.1,503,1
"505",504,-43.1442,-46.3372,-44.7084,503.1,504,1
"506",505,-46.7252,-50.3672,-48.4653,504.1,505,1
"507",506,-50.8572,-55.9532,-53.4061,505.1,506,1
"508",507,-56.4952,-60.5732,-58.604,506.1,507,1
"509",508,-60.9512,-64.4962,-62.732,507.1,508,1
"510",509,-64.7682,-66.9942,-65.9456,508.1,509,1
"511",510,-67.0952,-67.5422,-67.399,509.1,510,1
"512",511,-67.2462,-67.5022,-67.3655,510.1,511,1
"513",512,-65.9122,-67.1142,-66.5045,511.1,512,1
"514",513,-64.0722,-65.7242,-64.927,512.1,513,1
"515",514,-60.6382,-63.7922,-62.2551,513.1,514,1
"516",515,-56.9792,-60.2302,-58.5258,514.1,515,1
"517",516,-54.4552,-56.6752,-55.5267,515.1,516,1
"518",517,-51.7542,-54.1882,-52.9472,516.1,517,1
"519",518,-49.9622,-51.5722,-50.7425,517.1,518,1
"520",519,-48.5652,-49.8352,-49.219,518.1,519,1
"521",520,-46.5822,-48.4352,-47.5649,519.1,520,1
"522",521,-45.1832,-46.4162,-45.7668,520.1,521,1
"523",522,-44.3782,-45.0902,-44.7682,521.1,522,1
"524",523,-44.2322,-44.3402,-44.284,522.1,523,1
"525",524,-44.2572,-44.3322,-44.298,523.1,524,1
"526",525,-44.3182,-44.3682,-44.3496,524.1,525,1
"527",526,-44.3922,-44.8822,-44.6267,525.1,526,1
"528",527,-44.9552,-45.4632,-45.2585,526.1,527,1
"529",528,-45.5122,-45.8812,-45.7109,527.1,528,1
"530",529,-45.9352,-46.8722,-46.3516,528.1,529,1
"531",530,-46.9982,-49.2772,-48.0509,529.1,530,1
"532",531,-49.6122,-52.5792,-51.0701,530.1,531,1
"533",532,-53.0242,-57.6842,-55.238,531.1,532,1
"534",533,-58.3242,-64.7982,-61.4008,532.1,533,1
"535",534,-65.6292,-73.3142,-69.5615,533.1,534,1
"536",535,-74.0682,-79.3292,-76.827,534.1,535,1
"537",536,-79.8182,-83.9422,-81.9823,535.1,536,1
"538",537,-84.2522,-86.4652,-85.4321,536.1,537,1
"539",538,-86.6462,-87.4112,-87.1164,537.1,538,1
"540",539,-87.4442,-87.8912,-87.6403,538.1,539,1
"541",540,-87.8982,-88.0652,-87.965,539.1,540,1
"542",541,-87.8702,-88.0702,-87.9816,540.1,541,1
"543",542,-87.2672,-87.7812,-87.4543,541.1,542,1
"544",543,-87.3842,-88.0342,-87.6483,542.1,543,1
"545",544,-88.0762,-89.0142,-88.51,543.1,544,1
"546",545,-89.0542,-89.6412,-89.3727,544.1,545,1
"547",546,-89.6282,-90.5272,-90.0755,545.1,546,1
"548",547,-90.3362,-90.4952,-90.3938,546.1,547,1
"549",548,-88.9972,-90.2962,-89.668,547.1,548,1
"550",549,-87.1822,-88.8152,-88.0333,548.1,549,1
"551",550,-85.3152,-86.9622,-86.1816,549.1,550,1
"552",551,-83.2262,-85.1362,-84.2431,550.1,551,1
"553",552,-80.5622,-83.0302,-81.8766,551.1,552,1
"554",553,-78.1552,-80.2682,-79.2384,552.1,553,1
"555",554,-76.0242,-77.9092,-76.9738,553.1,554,1
"556",555,-74.0342,-75.8122,-74.8944,554.1,555,1
"557",556,-73.0432,-73.9132,-73.4936,555.1,556,1
"558",557,-71.2002,-72.9002,-72.0943,556.1,557,1
"559",558,-68.4222,-70.9582,-69.7209,557.1,558,1
"560",559,-65.7962,-68.1112,-66.8446,558.1,559,1
"561",560,-63.5262,-65.5682,-64.4912,559.1,560,1
"562",561,-61.5742,-63.2742,-62.3884,560.1,561,1
"563",562,-58.7992,-61.3212,-60.0991,561.1,562,1
"564",563,-55.1032,-58.4422,-56.7889,562.1,563,1
"565",564,-51.4572,-54.7122,-53.0552,563.1,564,1
"566",565,-47.3032,-51.0642,-49.2245,564.1,565,1
"567",566,-43.0412,-46.8352,-44.9075,565.1,566,1
"568",567,-38.9372,-42.6412,-40.7913,566.1,567,1
"569",568,-34.9212,-38.5542,-36.7998,567.1,568,1
"570",569,-29.1832,-34.4752,-32.0236,568.1,569,1
"571",570,-22.9532,-28.5272,-25.6491,569.1,570,1
"572",571,-19.7982,-22.6032,-21.2149,570.1,571,1
"573",572,-17.2242,-19.5582,-18.4578,571.1,572,1
"574",573,-14.0632,-16.9522,-15.5175,572.1,573,1
"575",574,-13.5472,-13.9342,-13.6402,573.1,574,1
"576",575,-13.5582,-13.6922,-13.6253,574.1,575,1
"577",576,-13.7292,-14.1692,-13.9217,575.1,576,1
"578",577,-14.2722,-16.4272,-15.1872,576.1,577,1
"579",578,-16.8252,-21.2642,-18.8655,577.1,578,1
"580",579,-21.9602,-29.3802,-25.5418,578.1,579,1
"581",580,-30.2552,-38.8702,-34.4057,579.1,580,1
"582",581,-40.0002,-52.0632,-45.8523,580.1,581,1
"583",582,-53.3572,-63.4692,-58.6092,581.1,582,1
"584",583,-64.2662,-68.5402,-66.7663,582.1,583,1
"585",584,-68.6342,-68.8082,-68.7559,583.1,584,1
"586",585,-67.2452,-68.6492,-67.959,584.1,585,1
"587",586,-64.7042,-66.9812,-65.8516,585.1,586,1
"588",587,-61.1822,-64.3192,-62.6601,586.1,587,1
"589",588,-58.6482,-60.8702,-59.7058,587.1,588,1
"590",589,-55.7022,-58.3612,-57.0464,588.1,589,1
"591",590,-51.9602,-55.3372,-53.6421,589.1,590,1
"592",591,-48.5262,-51.6052,-50.0759,590.1,591,1
"593",592,-45.0452,-48.1852,-46.6201,591.1,592,1
"594",593,-41.9642,-44.7482,-43.3779,592.1,593,1
"595",594,-39.6972,-41.7272,-40.7141,593.1,594,1
"596",595,-37.9062,-39.5332,-38.7639,594.1,595,1
"597",596,-37.0132,-37.7852,-37.4126,595.1,596,1
"598",597,-36.6192,-36.9862,-36.8392,596.1,597,1
"599",598,-36.6332,-36.8412,-36.7536,597.1,598,1
"600",599,-36.8162,-36.8852,-36.8608,598.1,599,1
"601",600,-36.3642,-36.8142,-36.612,599.1,600,1
